comment_id,body,rating
UgjVVUkF3LLWNXgCoAEC,lok god,1
Ugxm1szLhsMtuYNTUGZ4AaABAg,coment funi laugh,1
UgySn7yTSWAwIBabrEx4AaABAg,man legend,1
UgwsvtG8cZmcHp_jynx4AaABAg,anoth talent mathew pose,1
Ugxn2Ag15UkrVAtPDh54AaABAg,kinda love this it not mumbl rap bs plus mat lok hot,1
Ugy1Wp2qqlNY2212gCt4AaABAg,love mathew kile,1
Ugxv28EU_oNlNd7b13h4AaABAg,dang mat kilin it,1
UgzYexcaXBJ0LynLTOF4AaABAg,im hela late god job mat,1
Ugyni2W3FKuZDHttnjp4AaABAg,definit not deserv dislik level,1
Ugxr5x-GjFOABloQKV14AaABAg,bro when next song not let hater stop,1
Ugw_yUIuD020h9TcGIZ4AaABAg,under,1
UgwT9F3OFVNxlrwMgDl4AaABAg,sick beat mat sick beat,1
UgwKto97pMKGpKs3LCx4AaABAg,ey actuali preti god,1
UgzrxlyZqaH52PdzLcZ4AaABAg,k ki say,1
UgzzQmi5kDSerhBgD_h4AaABAg,mathew lok great,1
UgzQg1V08S3Q3ilcNAB4AaABAg,youtub song actuali did enjoy mani dislik,1
UgytN7D5fIIuE-zAwsd4AaABAg,cute,1
Ugysmml0mC5bdlPhp9p4AaABAg,not bad at al,1
UgwlN8vvfgvoYXoMY714AaABAg,smal crush mat grew like time dure video oh god,1
Ugww-V35HzQqIUrUFlV4AaABAg,sound like distrack literali everi singl view hungri youtub exist love with pasion,1
UgwxU5U7bMSRipXzDsN4AaABAg,we love mat,1
UgwHbe9md0_D1zWvS-54AaABAg,mis al clone comedi skit,1
UgxREmOjiLQksLeYWup4AaABAg,love it,1
Ugxzgl2cSYkUKTOHhBh4AaABAg,like tbh ned find true mean behind song,1
UgwNpfyvzcg5k0iaeYt4AaABAg,love matew im glad did this reali do like it,1
UgyFe7JzVN9j-u2S76l4AaABAg,dope song,1
Ugwa3gd-Op6dPLSHm2Z4AaABAg,first rap ive heard with real meaning lyric,1
UgyMtH-sjSW9WuTbtzl4AaABAg,song ok dope,1
UgzxzAbAAJj_qRvFMGR4AaABAg,love stuf mathew,1
UgyjX1OCwKtvMHlDiZl4AaABAg,much hate music video got,1
UgxA1B2jDe0uZ1So63N4AaABAg,at least beter than jake paul,1
UgxcERakFd-pyslvc394AaABAg,col song like,1
UgyQ2NNGS9qu-dkMZXR4AaABAg,not like mixmast song awesom wel done mat,1
UgyBQiiYv5jr1O3r49p4AaABAg,like it,1
UgzoDHEuxU3-YlQj8EF4AaABAg,o god best song ive ever heard mathew sound maze,1
UgwwQQJnrI8E8GkNfwF4AaABAg,certain beter than jake paul kep up work,1
Ugzh9WxJIm12V55ebsB4AaABAg,damn like straight up damn,1
UgyKsi14DRDSsONPUch4AaABAg,man song deserv more like than dislikesnot hater,1
Ugyk3-Gb5OsnHQFbhDx4AaABAg,nice vocal,1
Ugy7bO5IeOQTS6iwmkt4AaABAg,mat knew would have best vers,1
UgxTnqLLiYbuecZVHvB4AaABAg,not deserv al dislik not even bad can tel spent lot time,1
UgxfJvPaJbTr_fJn9rt4AaABAg,what cute babi,1
Ugzh_G8G5Gs_FkQuQSt4AaABAg,gona such an amaz mom,1
UgxX-ryCkotNcHg4srF4AaABAg,congrat gigi can make video babi enzo closet wish where mom,1
Ugw2ErOa3vc1HFnW4iZ4AaABAg,oh god god hear,1
UgzSvPTW0WzLSMYBHWh4AaABAg,aw two amaz smile,1
UgxAQ519ZYQvuEvJUJZ4AaABAg,congrat gigi familyhug from india,1
UgwiZ5QFZv7EG_0gBFl4AaABAg,hapi both you,1
UgyfWiRZViBx4rDGuOJ4AaABAg,congrat babi,1
UgwoT6ReOQ3j3CJ0XpN4AaABAg,watch amaz video reali nede brave youtub,1
UgzhW9nURz4e_K0_vOB4AaABAg,respect casey,1
UgwV_4RiqcINlz0WS554AaABAg,big brain,1
UgxjOAO3lYuldH10ymh4AaABAg,love casey love you,1
UgyrTpqkPvmOlcT9pu94AaABAg,thank man,1
UgxyTAwniStn3ln1SwJ4AaABAg,god casey,1
Ugz0enD5Sl-tQVSXK914AaABAg,year later that true man,1
Ugy1jiS5Im_YFK14-cJ4AaABAg,laugh,1
Ugx3qkc1y6ulUT2BtN94AaABAg,love video sinc first second,1
UgzQlniy5RPWZ7qjoMZ4AaABAg,agr with casey,1
UgyFgRNtnfeJsPloaM54AaABAg,although option unpopular internet agr with casey here,1
UgzwG0GbgUqftgs4jZh4AaABAg,year later hes best presid america has ever had,1
Ugzn25esfQKPKNmXTYl4AaABAg,age nice,1
Ugwyh5lQTzsxQG9yDjl4AaABAg,ah like him even more now,1
Ugz7HbsxVpSG8VO_drt4AaABAg,logan life,1
UgwnvthEeY6voVeo0LN4AaABAg,personali like his apolog short video that not bege forgiven,1
UgwhQ9xYkkAoh34HqVF4AaABAg,forgiv logan,1
UgyuYOBLC5ryE9mQNmp4AaABAg,im subscrib,1
UgxxqgQgy3HtpOuvr9J4AaABAg,best apolog video,1
Ugy6bPMZycyocLiFIiB4AaABAg,like logan has kept video up,1
UgypEqC3w5tr4yN16sF4AaABAg,becam beter bro everyon make mistak,1
UgxWrisyMBJ5pFndU5d4AaABAg,love how there more dislik then like,1
Ugwjy7FJLb25-9KDRgF4AaABAg,nah man were al god now imjayst did much wors,1
UgzuaSNbBmOvXNhh5XV4AaABAg,beter than shane,1
Ugw7C71SswEB60eenut4AaABAg,lok as if had les emot as mark zuckerberg actuali like dosent want peopl defend him,1
Ugwl0qhtnGq1NgSV-qV4AaABAg,doe have more dislik know what did rong hes admit should have more like way,1
UgxEgYnpfJ_qN_INkUR4AaABAg,it alright,1
Ugy27tkkJqM7-p4Dzvd4AaABAg,know what forgiv you not do again,1
UgwK7oSqCDh5vA2kOv14AaABAg,we forgiv you,1
Ugxgbipl_P32ZoLcwO54AaABAg,we forgiv you,1
UghACRbPKZYPC3gCoAEC,go go sick campaign,1
UggKlBPdcE3l8HgCoAEC,omg hater stop game god when tri,1
UgiVvyGEm2izy3gCoAEC,batl spacewow col,1
Ugga0bvezUtiuHgCoAEC,game awesom not understand peopl who want go back w with batlefield futur war amaz,1
UghiD1ZFPYcEe3gCoAEC,honest lok preti col not cod,1
UggSNBjC3JfQUHgCoAEC,nice,1
UgjvplACz9RZcXgCoAEC,im go buy game judg hate al want not care im stil go buy not chang mind,1
Ugj2wRXrrJY8r3gCoAEC,lok awsom not care what anyon els say,1
Uggnpi-c5D87qXgCoAEC,like,1
UggJpGlow9B4G3gCoAEC,who els gona buy game love first few day,1
UgiCH0Oo2mNZT3gCoAEC,do peopl hate much reali lok god,1
UggxEmYJpyNVJXgCoAEC,itl best game ever god,1
Ughjphv6xHm9BHgCoAEC,want game bad,1
UgjiOBtL34tZZHgCoAEC,like game,1
UgjNjoPq27SPtHgCoAEC,how could peopl hate this,1
Ugjdd4vzyYpL8XgCoAEC,ima stil play honest,1
UggGIVTBqFWP93gCoAEC,use against game now think itl worth play,1
UgjYap5udxnnsXgCoAEC,know we not want futurist cod if titl not cod not know cod game peopl would like damn sick,1
UginZpN3psvHJngCoAEC,it not bad im sick cal duti halo would like cal duti world at war back,1
Ugi7q7ZMD7Lr7HgCoAEC,best cod ever guy say what ever like,1
UghesV5FI-mChngCoAEC,not wait game lok great,1
UggTl-pUkOGN1ngCoAEC,halo lok dope,1
UghEmBkfLgvxwHgCoAEC,game awesom im gona get,1
Ugy3Ey4ehtlAvEuEulB4AaABAg,man love ned much fel guilti his wife xd,1
Ugz5SfN14UnWJIr2qTN4AaABAg,hapi se bunch turkish youtub rewind,1
Ugx8FM4U6PQ8RRRyYAx4AaABAg,se fav youtub alex laurn think saw roi more fav,1
UgzqOuzXi6b54b7osJh4AaABAg,rewind favorit,1
UgyXUgh_Gcw0msbbKmF4AaABAg,im glad they ade anim like jaiden theodonesout,1
Ugw3A1gQcToYBosqkHJ4AaABAg,,1
Ugyw--jENbgP02Vj7xV4AaABAg,wait theodsout come into it,1
UgwmzRpLLscgrsKuO4d4AaABAg,amaz,1
Ugw7y8yMWHeP75EKaEx4AaABAg,zach ned love,1
UgwlIY9VU7IUY3St4uh4AaABAg,anthoni throwin shade at paul laugh,1
UgyriIx_oGxqieIB5U94AaABAg,enjoy react more than rewind,1
UgzOBpq44WiK5s7Fn3N4AaABAg,low key they were shade jake logan paul love,1
UgyWpgHB4kt4K_5ok8N4AaABAg,captainsparklez im hapi omg yay onc,1
UgxpY60dUqHHEc0jNzR4AaABAg,love video it god own god,1
UgweS--HirYwRqu7o2V4AaABAg,col,1
UgwJBxVR4kir_KlDse94AaABAg,yay jordan there daniel to,1
UgzUKzbYrGfza6CQE714AaABAg,not favourit okay,1
Ugwkp46h8SWbOPbSnUZ4AaABAg,trend australia,1
UgxeOs_7bWaaXfbS3B54AaABAg,nice bal sound wierd,1
UgwY31_XHHd8jHxlnsR4AaABAg,have no idea how hapi am kate joey episod,1
Ugyw1-_G2SvDHtp9s1p4AaABAg,god,1
UgwHrlunFB3eD-cnxQ14AaABAg,like video,1
UgxLiH9G23WqSa1BTkd4AaABAg,now los wil tri,1
UgyhQHuewsEglonNST14AaABAg,col,1
UgxSEv8ZXLs_xmuFowh4AaABAg,oh wow have dremel,1
Ugxg4vadv2myRc1102l4AaABAg,pres like machin gun when use funi god video,1
Ugw_-TQ9dFQIkXmCJVt4AaABAg,god sad sad,1
Ugyx1xFazOOHa2vvm_V4AaABAg,col god,1
UgwOZWAwE7VG-y39A_l4AaABAg,wow now got shini silver hard bal amaz,1
Ugx0qCFhjX3aSFhir1Z4AaABAg,love vid love scienc,1
UgxFwd0s7gKU-PBCH5J4AaABAg,love vid kep up go work,1
UgynbV1omzlMPaFk2mZ4AaABAg,best chanel learn much from chanel congratul best thank,1
Ugzw8JF29trtCnuL4OV4AaABAg,col,1
UgxOGcwOHt8VOBk0i0Z4AaABAg,awesom video,1
Ugz0IJWMl9RC4hlEdFl4AaABAg,we hydrol pres have fun that al mater,1
UgxxYOQDDRRmf3syB894AaABAg,actuali preti impres,1
UgyD0BvaZsTX31Xlg7p4AaABAg,woah hydraul pres sound bada,1
UgxZ8SWQRcDMGU74Ey54AaABAg,everyon shit movi genuin beter than ocean lmao at least had plot,1
UgzDserZe-NQ62GOfIJ4AaABAg,great film,1
UgwmoYIs1XfpLB48yeF4AaABAg,watch movi love it,1
UgzljxfWZ8O9Hvf9wcp4AaABAg,cmon yal not bad movi actuali like it,1
Ugwj8Wv2EnRfWF2hvkd4AaABAg,not care gender actor care if movi ani god like it,1
UgyGozzZUKBuXADEvUt4AaABAg,watch like time alreadi stil enjoy smile smile laugh,1
Ugy95GnUO7HdjPEFyYt4AaABAg,cate by far colest here,1
UgzK2EUSMpcYiuopkGx4AaABAg,it part pleas amaz movi,1
UgzskAeoXLMY_Ux-btJ4AaABAg,love how movi stab back foward frágile masulin,1
Ugxlspzy5Rx4ro7I1WZ4AaABAg,helena quen,1
Ugy-RAHa2W9MJfn1Jkp4AaABAg,movi actuali preti dope,1
UgwLJZxHx0lhWCqKxFF4AaABAg,lok at al triger men coment lol saw movi amaz usuali never watch movi like these ever one great,1
UgwoVvsAjZ3J-6KxL4x4AaABAg,actuali like movi,1
Ugy_OIQUwhnZzcCkzAp4AaABAg,great movi,1
UgxWowkfxNtS3CjFLC14AaABAg,movi hate enjoy watch it gez,1
UgyDJN1STbmM33eVgHF4AaABAg,nice movi mani twist,1
UgyIs31i8N8s8lfNXxR4AaABAg,smart intelig,1
Ugz_pfSky1p22BkUDyR4AaABAg,love movi saw theater with sister,1
UgwjgtRoZ-NoSDGBz9V4AaABAg,bro rihana god,1
Ugyoa_Fco_fm_WLYDqV4AaABAg,like movi not care,1
Ugzpo1Ky3Xau91AfG1R4AaABAg,ive never sen ani ocean seri sen one great,1
Ugx26Lcj5kTrU2DNcrt4AaABAg,actuali like,1
Ugw7ZZlZ1F1C3DyztHZ4AaABAg,yes quen,1
UgyvRdDW4AF3S5L_-_Z4AaABAg,ariana best best hand down,1
UgzHINmOMnlccj0-1Ct4AaABAg,she kilin dancini,1
Ugy-YEDtX77AdkVgea14AaABAg,hope arin can get b son wish guy god luck god,1
Ugy3hSdHXtUD9JGRH794AaABAg,shes reali col,1
Ugw3PNKVFHB0GB7II2N4AaABAg,alway come back herea it amaz how much ariana best video draw it,1
UgzN-4c3dZVtzTEDrOZ4AaABAg,not like live it smile,1
Ugyvvjj2KvNnKLZ1YVd4AaABAg,ive listen song an amout time have never sen ofici video damn it beauti,1
UgzEc9xsq-QgWARSiZF4AaABAg,song gold,1
UgxGd3Dtu3McX6-SYPV4AaABAg,get b view yuh,1
UgyK6Wd0cKeNAMkQ8Ht4AaABAg,one world masterpiec,1
UgzmVEjIqEHHfYiYHbd4AaABAg,best video far,1
Ugw2sRQKwV9Yiqa-3Hl4AaABAg,beauti,1
UgwdsOTidhpblMWqgwV4AaABAg,life to short say music video not masterpiec,1
Ugy0Ct8Wso4GwdStPNV4AaABAg,cher write omg ariana,1
UgyB1diZSXK8TaYjr8F4AaABAg,lil cat evolv into legend ariana grand,1
UgxXN_cfiWp2qAGUDFZ4AaABAg,gorgeous her,1
UgxsSIinrWBmz06C0Mp4AaABAg,love ariana grand favorit girl singer,1
UgzmPPiODxv43NllY4N4AaABAg,nice song,1
UgyhF3OtCrTP3acTfvh4AaABAg,era best not,1
UgxKTsbIOSH8JPysHDR4AaABAg,ariana pretiest video,1
UgznseK6v64Qt_KhkVd4AaABAg,love ariana grand im bigest fan,1
Ugzp0fdnTcihFFsdL-x4AaABAg,love song omg,1
UgzMlRbMQfZZkkYYlsh4AaABAg,,1
UgwpuJ6c6xfwnuShfEd4AaABAg,no one gona talk about fli thingi at end gue dog flew laugh anyway song crazi god bro am obses love,1
Ugzu29DSLS3VSDnJHPh4AaABAg,if your listen with al teribl thing bad stuf hapen your an actual legend,1
UgzoxzYbN8Y9wvrhOEV4AaABAg,shes reali relev as singer perform love,1
UgxMhbqnJBhdtV-FPjd4AaABAg,masterpiec,1
UgwCA3428ww6HWteTah4AaABAg,cmon yal let view video time day shal our routin til hit bilion view,1
Ugy3O2sBeDO8tJTePeV4AaABAg,arian goin first woman son make her song reach bilion view smile,1
Ugw5SQos1AJrNg9Uc4Z4AaABAg,ariana dam preti,1
UgyxQonwUPFzA4XClod4AaABAg,that her best song tho fight,1
UgwWbcFmhwhdvUsVDUN4AaABAg,like,1
UgxmjIaejo6UCgzUrVt4AaABAg,her best song everperiodt,1
UgyFf42djKbqH-DjNJB4AaABAg,not like love,1
UgytLIn1Q_0Yi6i_gs94AaABAg,woman wonder,1
UgxvpzRxTvO0-FFTofJ4AaABAg,god,1
UgzijSvmw1AgEVjA6654AaABAg,alway get gosebump when watch video almost make cri it god make fel emot,1
UgzWs2FaSJ1THEUSJUp4AaABAg,beauti song,1
UgxaR5MM-gZlYjO9RuN4AaABAg,cute,1
Ugzp_fl1vW0n_cpVrNB4AaABAg,love,1
UgzN-i1XR7wojd7UJwp4AaABAg,let get b view,1
Ugwi_2ecDcmEBv_8Dzx4AaABAg,im never go get tire this,1
UgxiVc7J_GxWytjzoxh4AaABAg,wow not it god,1
Ugwc3JGveTRclT0Mk1F4AaABAg,love song,1
Ugy4HXfByS0DPZIEfJZ4AaABAg,song music video truli timel,1
UgzWLFJQK9of1neM2FF4AaABAg,wow she beauti smile,1
Ugw1vaQ9fd3pYAaNnVJ4AaABAg,smile love smile,1
UgyDhaD_s9jt6AxvUA14AaABAg,bilion let go,1
Ugwcgb5LIZV8Kc6CZYl4AaABAg,yes listen to mani time,1
Ugx24q_LPMHSzFwVosF4AaABAg,fine song,1
Ugzbci5ZpnkPW8kTGF54AaABAg,bueti,1
UgzU_JK0n7AZ2aByoBZ4AaABAg,best video clip song by ariana in opinion,1
UgwmFVnjh57sJbTFbB54AaABAg,m like god,1
UgyGWIalHbtH1sP92VF4AaABAg,love ariana,1
Ugz39rtkKtCJlMoj9sV4AaABAg,love how she turn bad situat into music masterpiec,1
Ugx37eN7oVjIGeF9-I14AaABAg,melanin quen,1
UgwRM0yKTutUSq6bfXR4AaABAg,fav song,1
UgySB2rI72oSkla0O-h4AaABAg,quen,1
UgzbehP1lSgSSKgzH_R4AaABAg,ariana grade our quen also beyoncé,1
UgzFcQHMbcgfur8XOzR4AaABAg,love song wish ariana stil had blondewhit hair beauti ariana,1
UgyA_z0QWt1HItg22EN4AaABAg,stream song we must achiev bilion view,1
Ugy4dBqWjE85yN2bWqZ4AaABAg,listen when im sad,1
UgxGanPTcdKOr_9dcvZ4AaABAg,favorit out al ariana grand song,1
UgzmO3tsn6cu2AJcbKl4AaABAg,someth about so nostalg sem like it ben yrs onli,1
Ugyr9-agWiDehmoFEmV4AaABAg,big fan eminembeyoncé music song masterpiec also love pasion both give song it beauti,1
UgylGSI6kwClPtnwCBN4AaABAg,best much love real talk pray love,1
UgzNuGaybQuLBBJqFRR4AaABAg,stil great se slim shadi stil under,1
UgwtYQebKm4Z0cyxf6p4AaABAg,honest never understod hate song love man,1
UgzgmZ_u-vqw3ma1OKd4AaABAg,poetri,1
UgwbR_zgzHDC7sNyffd4AaABAg,song so under,1
Ugz-XQLUsEgPn3LhHnd4AaABAg,song like jesus,1
UgzZH4OYvTdUVux8ZxZ4AaABAg,eminem jay z,1
Ugyp7DizGCElyYTSCIx4AaABAg,bethoven rap song his best work,1
UgwtQKkxUXW8gd5I1Ol4AaABAg,awesom,1
UgyxSE7uT3m6czyCAbZ4AaABAg,song age wel,1
Ugz09RajXt79jVYERKh4AaABAg,beyoncé sound amaz,1
UgzUPYhPtVOXPQIOSkZ4AaABAg,honest one favorit song,1
UgxMG2YNpQq14gF_VtF4AaABAg,stil love,1
Ugx4gnTTQurzgPo8tG54AaABAg,veri power track listen mesagegod bles both such great artist,1
UgxsBWOtKx2pqzSl5Qp4AaABAg,amaz love everyth about this,1
UgzqaHX9vGeSokzvx954AaABAg,bad actuali like this,1
Ugy3Yp_vIQnIbFirs1l4AaABAg,like,1
Ugxpczi-AeId_EulA2F4AaABAg,true eminem fan stil love eminem no mater what,1
UgwJE571yBvlSqMrGOR4AaABAg,preti col,1
Ugzy9oiVDdR6A0GKN1h4AaABAg,eminem true inspir,1
UgxDdYsfI9i7FEKFjnx4AaABAg,who els like song even when fist came out,1
Ugw6yTX7_R5f94bMtUt4AaABAg,now what cal rap,1
UgwUSw5bztVIzhUESDd4AaABAg,how come found song beauti,1
UgxFV_Img81djE1QiMV4AaABAg,sure it edgi bad thing think track has wonder vibe solid stori clear mean what more do want,1
Ugxph4aDhFWUGBear1N4AaABAg,how am now find gem,1
UgxGWnGO-cxUo_5wpMB4AaABAg,his best song reviv besid chloresept remix with chainz,1
UgyzVWsR2BnSzmaW6IV4AaABAg,love song eminem beyonc reali go god togeth also like piano plan litl beat at end,1
UgxWra-uZHE5gCxHHkR4AaABAg,veri under song,1
UgwZ52UVraxIvYESLf54AaABAg,onli jerk hate song becaus they not understand fantast melodi lyric,1
UgxKNYO1tm4b96nXjUV4AaABAg,eminem onc again show world wot hes capabl legend,1
Ugxl2VJ976Q914KMcTJ4AaABAg,like song,1
UgyyE-c_9zBonDoqNYl4AaABAg,could never let us down em,1
UgyDztibHvJgzx_HkXZ4AaABAg,peopl think garbag album way beter than today raper whole entir carer,1
UgxC7uLsZ3JCNf_PMH94AaABAg,gota love how song end practicali foreshadow second most popular song kamikaz album,1
UgyI8suZ9lJZXJ5ThpZ4AaABAg,love marshal mather love,1
UgwlGLHSdZ3GyTfRoKB4AaABAg,one those song that ahead it time itl becom clasic ten year,1
UgwTZ1kz91_FzFsJMJp4AaABAg,it sad how mainstream media has taken these day how peopl overlok such beauti art like em is inevit one greatest al time ever hold mic in everi genr like if not agr laugh,1
UgxLPerGqFnepeYFCSR4AaABAg,two favourit artist,1
UgwXsTflTRb1olAyZZl4AaABAg,fuck love song it crazi it alreadi ben year sinc releas,1
UgwE4a3cCWVBtyz3qlp4AaABAg,beauti song,1
UgxghDZMW5iAxmO9ctZ4AaABAg,thank you,1
Ugyki-efZzDUX5tXFLl4AaABAg,gold,1
UgxiqltisBe3BnQYPEV4AaABAg,not rap it poetri,1
Ugxiu1pkWC8102udj114AaABAg,peopl who dislik got tear forgot where like buton sad sad,1
Ugwp4mQW6_b-6g5A7ER4AaABAg,can relat would have say anyon can stan laugh,1
UgwFIv0RS0xjGOy5QQN4AaABAg,song deserv grami,1
UgwW8gkHiyUXei448t14AaABAg,best music work,1
UgzmUF85Bb8MA1S83Nd4AaABAg,pro musician man,1
UgyNk2rdfRqmO3gEZXp4AaABAg,nice song,1
UgwKZuGNIF3q-_38lnl4AaABAg,how shakespear rap,1
UgxS7BPrekPqiTvuMIt4AaABAg,song dope al hate,1
UgyIVx-PDAl1N1T-nyd4AaABAg,king,1
Ugw2QZocSG8zIjXqv5R4AaABAg,great way come back babi love alway em save alot,1
UgwLfWUXVM7eU6gwlpp4AaABAg,beyonc wonder,1
UgxKwBm7RIb62vIgqxd4AaABAg,chil,1
UgzucANW-FWTJH_Ac0F4AaABAg,everybodi or few said song suck or it not god like it,1
UgwJk1J2h_6KamMQlHZ4AaABAg,love song much,1
UgxNLn-LB2ruTPxCxWB4AaABAg,god song kep like that,1
UgwDF0wijnRZQbPtw_h4AaABAg,slim shadi legend legend never die,1
Ugz8I-Baa7bzvD_1azF4AaABAg,gosebump,1
UgxTiWdeFpWz80ZkOY94AaABAg,love fact it sad song then taunt us at end eminem,1
UgxWWU7RhzRzHxYq5gJ4AaABAg,peopl say song suck ignor they hear first two line say screw it actuali one his greatest,1
UgyhITD6aO3750LeRxN4AaABAg,legend love love,1
Ugz3HziD9DmTJ_2_TUV4AaABAg,,1
Ugze8km99B1X3_2H0gB4AaABAg,song god,1
UgyJGle31P1qeSMMcs94AaABAg,gator hapi,1
Ugy_CzMjbpoL2aEN92V4AaABAg,laugh,1
UgyqcJtOVu-ldQcG1It4AaABAg,hapi croc,1
UgxwJHCGkN2ogYw53Rd4AaABAg,love how astonish hapi lok,1
UgwhhjKaF7yNDyMadgh4AaABAg,cute dog,1
UgxNGdFSE9VXM8M6eOZ4AaABAg,last second hilari laugh,1
UgzJ_nTGUzHmqasAbJx4AaABAg,im sad becaus not find video earli,1
UgxqTG48aNc-8skPJfF4AaABAg,some unknown power make watch god shit,1
UgzWDkLYV-kIUFk8OTp4AaABAg,best video internet end within minut,1
UgyZ0uENiNu2WQ3Gmmt4AaABAg,love how cut at end make lok like threw spiner into his mouth,1
UgwvxfXGzmp1NKbZTq54AaABAg,god boy d,1
Ugx3dlP92MTxEQJSmq54AaABAg,god boi,1
UgwRCjoHNGCGpGE0FJF4AaABAg,aw hes cute such god boy,1
UgwEnWXXcVP6H52ZoCd4AaABAg,vibe,1
Ugx4CXykj_RsVBsY81F4AaABAg,lok hapi,1
UgzX3yqYRASkeK4lyup4AaABAg,mei love crocodil now,1
UgyYSopUfbduPLLTjMV4AaABAg,god gator,1
Ugz15O0vvaWa-uYjEoV4AaABAg,power stuf inspir,1
UgxJaUbEkxfdhwmjvUh4AaABAg,hes pro,1
UgyW_W3Fbh2rQuMehg54AaABAg,now belong like video,1
UgwC3lTPBanC7RvLx-F4AaABAg,watch fel emot onc month,1
Ugyo2yaYjRQr0-c_vWZ4AaABAg,cri sad,1
Ugwdt-x2riep4E8LiaB4AaABAg,stil show suport them,1
Ugw19hHhb6tEmR-vADB4AaABAg,love them respect if reali love someon then let them go adult suck,1
UgwgX3ft5agrVskOoml4AaABAg,fun fact stil have litl hope theyl eventuali get back togeth,1
UgwDVJ-kfYdJvh_hxkZ4AaABAg,fact can relat liza rn sad sad,1
UgwutNEyStN2_sNOt6p4AaABAg,milion view nice,1
UgxjpvGi3JpwQWPHCuR4AaABAg,year later it now at milion view nice,1
UgxLTfrXT1sJtwvD-HV4AaABAg,mis these video sori david video with liza more fun than one make now,1
UgxZHJwgSV1yOp2jI9R4AaABAg,laugh,1
UgzDJ9Ys5C3JofYZR5V4AaABAg,his hair beauti,1
UgwjfalyDj86Et0BV854AaABAg,love,1
Ugz9FUqXk2X9BnFGotZ4AaABAg,dave col inspir much,1
Ugzdjc73B1tDLYPP8nx4AaABAg,guy funi,1
UgzNY6yc7OOIeTUy5pZ4AaABAg,like rat name also daisi,1
Ugz7jjOTfYAnCGa2GEZ4AaABAg,song would have ben beter if said ruber duck i love though also if understand know what im talk about henri danger ep,1
Ugz-1DOKZRQojwii6Ut4AaABAg,first time video like video,1
UgyKgRs7B6PTRD4tMqx4AaABAg,like his red hair,1
UgwHE0T8MJ0kfwLBYZN4AaABAg,sube right now,1
Ugzn-qmdbygY5qKYeup4AaABAg,love al gay joke refer they make when their togeth,1
UgxVBWlIqyXpAO340KZ4AaABAg,jame best,1
Ugw8WghGUXH0s5X6zw54AaABAg,video there ton jame wierd voic favorit one,1
UgxJklQQhmMPTKo6gfJ4AaABAg,tht expres laugh god,1
UgzwbbakMoqt_eblrcN4AaABAg,love music video somg,1
UgwZUK1TPiZEmHqrp2Z4AaABAg,dude love odsout laugh fav song tabletop game fav episod laugh,1
UgxC6fzhcXvWWJIgL3l4AaABAg,one most beauti,1
UgyLKj0NhhMoJ4pn8At4AaABAg,year befor our world got destroy by virus those were god day,1
Ugz6hFdUb6j9qXO4n5N4AaABAg,love so smile smile smile much,1
UgxOHfwU6kW1bdI-6P14AaABAg,most like rewind ever,1
UgxOLF76tAqszrJPdpt4AaABAg,one far favorit one laugh,1
UgzWG3PDxvhspI4knyV4AaABAg,honest favorit rewind al expect say or would beter um veri wrong,1
UgzDDlhuH8FBJieQWyV4AaABAg,like slap,1
UgyLsS3JuXF4UUQ6MVt4AaABAg,col,1
UgzdsyepAaaYlRvUfeV4AaABAg,love one honest it fav mis year,1
UgyX58DpeIPW6NOk0RV4AaABAg,whose here se how god,1
UgzEpHCzEPuADAwWTkB4AaABAg,not go lie great year mis sad,1
UgxWPCSXI-0sGpuznYd4AaABAg,amaz when st came out,1
UgyCogooEc0lDvbwWYt4AaABAg,back when rewind god,1
UgxL3d7tbk3A-b6rcmV4AaABAg,kinda god,1
UgwAzKwsUhO7DmNbW3d4AaABAg,mis those rewind,1
Ugy3jZgkWiW7Pi0LJS94AaABAg,bad actuali enjoy watch this,1
Ugzvzcq0nYholKb2KpV4AaABAg,ayo banger to bad there aint no pewdiepi or mrbeast laugh,1
Ugy-0m0bCVffxzT1vnt4AaABAg,best youtub rewind,1
Ugxps4cQJref8TdHqA14AaABAg,best youtub rewind ever,1
UgyeG4oEA2FeCzuwiMN4AaABAg,mis reali col memori sad,1
Ugxrg_TkIZu7pRweFuV4AaABAg,amaz compar year come,1
UgzF7QraXH71MGeYMSh4AaABAg,best youtub rewind,1
Ugzy-BZg2XVSTo5FISF4AaABAg,ksis part best,1
Ugy4VoaOjzf9tvzRH2p4AaABAg,yeah def like milion time beter than rewind,1
UgzmkPvb-DEi-pGUl3t4AaABAg,amaz smile,1
UgwuWbu7AoiARfp81sl4AaABAg,last god one made by youtub,1
UgxluYpkw2M-iN7dfRl4AaABAg,oml reali love year love,1
UgwDG5TGMANRRkK6wA14AaABAg,love loke at gio ole day,1
UgwFXEhiQMI4vP1E8n94AaABAg,at least one an actual rewind,1
UgwWsiKeNlvVuwCXjZd4AaABAg,kinda god,1
UgynLkQ3TbsMAct5bqR4AaABAg,stil best,1
UgwtMKQ7tJlP9Rv6OzN4AaABAg,hand down favourit youtub rewind,1
Ugy9hFoHWhlb01l3tSV4AaABAg,best rewind ever,1
Ugy8MeqCIwSfWsxUHSl4AaABAg,hand down has best year,1
UgxeLl40BHWily9f_u14AaABAg,make rewind like,1
UgznZVkbwpYaZ2AsOc54AaABAg,last god rewind,1
Ugy0PXdDE8P2oCsyzWN4AaABAg,rewind not bad after al,1
Ugx8nbCL2Xq8-3_wMch4AaABAg,wil rememb as last god yt rewind video,1
UgzsXSC1KzHbLJVrtBB4AaABAg,best year ever fel,1
Ugy00qqLcJ2KBZBLvj94AaABAg,reali excit,1
Ugy3YS3CVkyFX0Vrmcp4AaABAg,think beter than youtub rewind smile,1
UgyqwmdAp0Yylq-tFuZ4AaABAg,whoa definit col,1
UgzA1A7M1fG008tEwWx4AaABAg,cant wait hopefuli work there someday,1
Ugyqfb_0m9O9cB6YlBB4AaABAg,intro kany,1
Ugz8rnx7af2Rx5RVcVJ4AaABAg,respect from isro,1
UgyeJNmZGRg6nGcC3QN4AaABAg,amaz,1
Ugyw_jy2iSTwuxjjIkV4AaABAg,beter than youtub rewind,1
UgwoRcDjTGxL_jzffdN4AaABAg,video beter than entir last jedi,1
UgxwMETbQOXkJb89tbN4AaABAg,when can move mar sign up,1
UgyFslNLwIA8uiuXprB4AaABAg,thank you,1
UgzWToUzagfKFSnmwP14AaABAg,or kind inspir,1
UgxLz8-J01FeNxdOUBt4AaABAg,let go,1
Ugz3pFlp6HYEvllRJtV4AaABAg,would like work nasa,1
UgwWvVhiRjH3KT_JBxt4AaABAg,put youtub rewind shame,1
Ugysl-U4kbUfRnfGecZ4AaABAg,amaz anyon know music,1
UgwHqhebAf8S1_9wRq54AaABAg,cant stop watch over over again impres epic,1
UgwzvTByrTrB2H6ti4x4AaABAg,glad se this thank,1
UgzvHUAeKw_e5S-ztQt4AaABAg,nasa,1
UgxXXSlYBrRkihaGvDJ4AaABAg,,1
UgwkAeQvQCR0K0ezh7Z4AaABAg,dream nasa,1
UgxRHN98_35eWvK7hBp4AaABAg,best minut s life,1
UgwXBo5X-zjGMCWJ8Qt4AaABAg,let go,1
UgzKe25KL3t0UBNbaEZ4AaABAg,reali god sht,1
UgzhExjPO5b7iWd-CuJ4AaABAg,album,1
UgxHaJXU7II_pyFFVVB4AaABAg,inspir impos into posibl,1
UgztHWmPM-5x8nxuzLx4AaABAg,they not hate em they envi him,1
UgyTA4uohTX0nO46Bwt4AaABAg,boy pase reali loke up your phoken god,1
UgzJrgYKo-f0xXcZUWJ4AaABAg,who say reviv bad album it one favourit,1
UgzW_2-J4PKhY4J7EYB4AaABAg,eminem rap god his vers crazi flow damn best world,1
UgyofMyo6FtolMomOQd4AaABAg,alway love him not give fuck say what think no mater what anyon think brutali honest,1
Ugz5vtd8wHTuq1EN-mV4AaABAg,most creativ ever,1
UgzECY_kPbLPvC9aZF54AaABAg,eminem rape dictionari love,1
Ugxpev_WrjATeNap7Qd4AaABAg,where peopl at,1
Ugyxi0eKsefyb29gcYN4AaABAg,beauti,1
UgzCOzCcgMGhTufGkIB4AaABAg,god em gete back tyler earl theyr both snake crybabi,1
UgwWKuM1m8HBQyAf6Fx4AaABAg,amaz song,1
UgwACEe9Ll9ayHpBy6R4AaABAg,song bring back nostalgia even though it ben year,1
Ugwx8sR8xpeQU8ciStN4AaABAg,em god litray mudur peopl by his music laugh laugh,1
Ugx3YGlnnteLiWbUBYZ4AaABAg,januari stil no,1
UgydQrtCLgSjKFOmtpV4AaABAg,love song,1
UgzV2BOaCXUJaqMOJFB4AaABAg,constant hi tempo god,1
Ugw3kPvnbOlW7k2C7Id4AaABAg,anoth level,1
UgyUMw1oVJ7AAGB3Und4AaABAg,stil,1
Ugypvn0t8hKXQ4lEBmR4AaABAg,hes fuck greatest al time,1
UgzfCoZ1wYpG5rNNckp4AaABAg,think man hold head up high love famili,1
UgxbQh13ANwQvJWJgdR4AaABAg,alway best eminem never get old even his music his age,1
UgzgoIHm8HLWknO-pLd4AaABAg,sick,1
Ugz35yQcqxUqzL3XNQZ4AaABAg,eminem wil alway greatest al time music that fact,1
UgxB0-ys4h2yUEEhPUZ4AaABAg,stil fire god king shadi,1
UgxTiwdgVC01Jz-CxFJ4AaABAg,stil kick,1
UgypxooCsBt6fDu7P4p4AaABAg,love dodg,1
Ugz1DVfN0zCBbte4bVV4AaABAg,col,1
UgyGJ5W0mRknrAi4pG14AaABAg,eminem best raper ever,1
UgyAdLbzVfSmf03f_z54AaABAg,harald aprov,1
Ugxfi0-HAVrUiO_xuBh4AaABAg,eminem unstop rap god,1
UgzIQ1R5tsYqjrPXqxx4AaABAg,not know song not get such high rate deserv top,1
UgzdVYYHbrpVQknRzlV4AaABAg,dope song sampl sick toluv,1
UgzNKxUPCtwwGPGluTZ4AaABAg,ugh like insan beauti,1
Ugxd3m6zmiWIPqI0FJV4AaABAg,,1
UgxFiJdy2CbB71H5DsF4AaABAg,with respect from ukrain truth word,1
Ugz9X-dvSs6sn9RMMbV4AaABAg,whenev click ani song eminem then take hour click ani other video legend understand,1
UgzavoY93wq9oxhJJ9Z4AaABAg,love this song kilin eminem,1
UgwcvOSNP9tet8QlITt4AaABAg,eminem king,1
Ugxk9njTY65zdLGJNRF4AaABAg,go boyou tel them x,1
UgzQvW97E9vndp1s5zN4AaABAg,thank man,1
UgxpHz_6CC5DDNu5gaN4AaABAg,from philipin with love,1
UgymCeq9ayeNHeR8mmx4AaABAg,eminem awesom smile bad is al got say hater,1
UgxF9g5OUsI4mF573Vl4AaABAg,,1
Ugz5ANPOzF_hboQ7Ssl4AaABAg,love to eminem,1
UgzrmF8sms6SyKvne054AaABAg,omg give chil im sori can never say star war beter then marvel there no competit,1
UgwaQUx__orfNtxJDBp4AaABAg,smile,1
UgwyHiVtYwcJHpnGUId4AaABAg,year ago histori creat,1
UgxlZyFlGDxTOKq94Ip4AaABAg,ok honest epic,1
UgzKo30K2ynYX3HdLbF4AaABAg,movi x beter than endgam becaus not know what expect how it gona end,1
UgzLEYGDhBTLBBZ68EZ4AaABAg,awesom,1
UgyNOvQJYnVOzzPxPl94AaABAg,stil peopl watch smile,1
UgwEgxdWizRgrN8F9DN4AaABAg,year stil get gosebump,1
UgzHLIX8SGwS3LoaX114AaABAg,wish can go back when trailer releas can fel hype again,1
UgyntUrMT9AtQjKTxZ54AaABAg,stil share epic trailer day,1
Ugx9FtgA4ft_Ikkcjxh4AaABAg,id do anyth se movi one more time like if first,1
UgyQAjCc4gOY_Z3YVX94AaABAg,wil never get old smile god,1
Ugzqw_aN7r11YgzeqF94AaABAg,am stil hype by watch trailer,1
UgzI26ITWiSgcU-5rsV4AaABAg,say what want infin war stil best movi,1
UgyJmBbKVszDDR1Lpg14AaABAg,think wil alway favorit movi al time,1
UgxsDVKzJG0WJSn8PJh4AaABAg,gue what it stil give us gosebump,1
UgzFKLrjaI2X9TzquBN4AaABAg,godamn hype mis kind hype,1
UgxWs15Yhc8N-gzlsnx4AaABAg,have said im gona say again infin war way beter than endgam,1
UgwhjTHKnkrNtdaprAl4AaABAg,when saw toni stark not his suit with debri background then got punch out with his suit knew movi go great,1
UgwuvgINNgxVxRtWHT14AaABAg,trailer movi were best,1
UgyzrCHAyDvs0ZxeGj94AaABAg,time sure doe fli,1
UgzIgLlp3FBSx8F3H-14AaABAg,how hel kgf beter than masterpiec these guy delusion,1
UgyEBFkg51JvdWV8PHZ4AaABAg,movi god sad,1
UgzzOL80yc7_DEZTLet4AaABAg,year later stil get shiver,1
UgypGSx15P5bBW-LK4p4AaABAg,everi singl time hear climax theme bring smile face,1
Ugxp_sFeVyTonN_thER4AaABAg,kgf not defeat masterpiec,1
Ugwa7O9mPSTyEEMDHF54AaABAg,one most amaz super hero movi world,1
UgxbsRpcNxIchnaP6sJ4AaABAg,who al here after watch master kgf laugh smile,1
UgxWL6NQnqfPoqk68Wd4AaABAg,best movi ever,1
Ugxz9fpbseWr_jY8qy94AaABAg,film thor entri wakanda give gosebump smile smile bring thona,1
UgzCWQfmIS6cWWDLVWJ4AaABAg,beter than endgam,1
UgxkpGRAAG3Sg9-VT_Z4AaABAg,clasic,1
UgzdiAlS2Kgu9oVXCDl4AaABAg,movi wil becom nostalg critic futur,1
UgzsP5eLVhKiVQvt5AV4AaABAg,rememb how hype,1
UgySnJd1JDCGOEMRqlx4AaABAg,best trailer centuri histori wil rememb u,1
Ugw5vKyVpMZV1CBR9Tp4AaABAg,not go lie stil give gosebump,1
UgzXbAmTCuwddg-Ppi14AaABAg,movi beter than endgam,1
UgyF3tKwn4gDzTbNCyZ4AaABAg,kgf come wait,1
UgwIIuneNwjJVBOm6FJ4AaABAg,no trailer,1
UgyQ1Sahl_ej4IxNptl4AaABAg,chadwick bosman not god actor an amaz actor,1
Ugw9RC-wNJ6o9lqv_3V4AaABAg,love trailer wish maintain seriousn has threat movi,1
UgzBALxyZACaynkexW54AaABAg,one reason infin war favorit movi becaus film they let super vilain win,1
Ugxc4eNdeuI6s_8Y78d4AaABAg,,1
Ugzj_FSTDNr1C5uMXAx4AaABAg,man god time,1
UgzWiTmFyk3CHCy8nUd4AaABAg,timel masterpiec archiv,1
Ugx1WMyXqRXs2PaAjtp4AaABAg,hey that preti gewd,1
UgyPtmz1yrRUMwP_tON4AaABAg,rap at end slaughter him literali icon,1
UgxvWG-oV-dg_JA180N4AaABAg,thre year later stil best content cop,1
UgwuWv_Mtso6vhZVo9F4AaABAg,video legendari,1
UgyC0iQ3Yk5TSqIi1IV4AaABAg,ind pleasant surpris,1
UgwU_MnhGS9w_FahyYp4AaABAg,like how includ dead sin into,1
Ugz8PQ_BSNvzPpcyoG94AaABAg,dang rap actuali great,1
UgzNyPqNVz6ADAlXB-N4AaABAg,like youtub moral compa that also unfilt,1
UgzqgT37YfCCB6XaeNV4AaABAg,stil one best video ever,1
Ugw4LRQMhIltJUX6K3J4AaABAg,man it god back,1
UgxhQpUNBelTiPWX4xx4AaABAg,comin back at end i mis old day man,1
Ugwx9II_Fkmd4o2RqhB4AaABAg,lokey fire,1
UgyRvQ6QAM8zkgsX-rp4AaABAg,mis idubz youtub ned old content,1
UgxpfmKQ3F2BOOLLoJd4AaABAg,stil one favourit video ever laugh,1
UgyQJ77j23XGtMs9Mgt4AaABAg,mis idobz,1
UgzUeAOj2AcpQ5olTD94AaABAg,best video youtub watch time second,1
Ugz3PlPUGmGLfmEI96h4AaABAg,bigest plot twist ive ever experienc life god come back these old meme,1
Ugx-dR6ktgLL4Kpv78J4AaABAg,mis phase internet,1
UgzhoBvPlMMj38Js89h4AaABAg,idubz fuck genius,1
UgwEtMc-YyIL5rwonR54AaABAg,love shirt say shep nice,1
Ugyv8nVrwfRvaPJl2Tt4AaABAg,we ned him back,1
UgwbbO36NnFvvs_zaXd4AaABAg,man want se more,1
UgwZGppRaId69WrCoSt4AaABAg,love these content polic sketch kep em come,1
UgwF02r9Lnj7w0dGbK14AaABAg,last time felt actual hapin,1
UgxI_z6HH6lGTH2zW-14AaABAg,should have won an oscar,1
UgxfiNoPgWdRLmaXqs54AaABAg,not care about simp drama video stil gold,1
UgynpzeKOnhSRCUZnBZ4AaABAg,onli person who get away with clickbait with respect,1
UgwFUSLi9zB09WjOCpx4AaABAg,nice,1
UgyK7tPt0zjVPiShZRJ4AaABAg,bro came check out nostalgia sake realis year aniversari content cop lok at that,1
UgxPjeuQkGbxSqaOvBF4AaABAg,year later stil legendari nowaday we ned content cop most,1
UgxmtFtx4rYSRGR7ESh4AaABAg,o that gud,1
UgxmbI8Jb-rYkhtcCG94AaABAg,if not show at schol im drope out,1
Ugy2lylDCBTbsEPrmq54AaABAg,now how teach teacher,1
UgzHEmx4eIdt4ZU2BdB4AaABAg,best ever,1
UgwIGsAqWk6yr51rb-94AaABAg,thank vid now can take ap test,1
UgzZ9XXBcGcTp5rRpqd4AaABAg,grenland iceland switch name funi,1
UgzS93Zl533H7WITVmR4AaABAg,favorit video platform til veri day,1
Ugyka19PoIss-Ve1jSZ4AaABAg,year later stil came back where al start damn stil great,1
Ugw2qET8RuxKxrsDh1Z4AaABAg,never thought id ever interest histori,1
Ugzz5Qda5PLBSKGiT-V4AaABAg,beter than social studieshistori clas cover everyth minut take half year cover schol,1
UgywNZIJ2ePVMH_iQll4AaABAg,wish dude histori teacher,1
UgxUev81FRC5bnkoiqV4AaABAg,do we have schol,1
Ugy1NyxN1rseIQzc5UB4AaABAg,an unbias histori world,1
Ugy2uM0hBOHKT61ytp94AaABAg,truli believ best video youtub,1
Ugz8LYww5JtubNMiBrF4AaABAg,nice,1
UgxRtxqBtFV4oT9Z4Ax4AaABAg,stil best video youtub,1
Ugy9dqQUwukzHNZjU994AaABAg,find myself watch masterpiec few time year literali youitub forc do so as recomend video,1
UgwTP6JEJwkaevBD-1h4AaABAg,love come back video everi year se how much actuali learn understand now from schol,1
UgyexwKPnH6fiZ3LWRB4AaABAg,ive watch thre time now,1
UgyDluKfxZiosJ1t8xV4AaABAg,best thing have ever watch,1
UgwyT42RYhnu3S_xDRp4AaABAg,doe have dislik it masterpiec,1
UgxOc8mZvawqtj-x5Vd4AaABAg,ive ben recomend about time over year stil click everi time laugh no regret,1
UgwAxKlbWQqKznSyhCt4AaABAg,come back here onc month watch,1
UgwoFjHAz6aiyYDE1ZZ4AaABAg,laugh help with homework,1
UgzPu0HXgxwBCFG2dep4AaABAg,peopl were right,1
UgzEVysLW5ntKaFH7s54AaABAg,last god one honest,1
UgwToT2TbrWHixTVWJx4AaABAg,mis sad,1
UgwXC_Ic_Z0ki3doigt4AaABAg,omg song dope,1
Ugze-bUgMMjb99EJPSd4AaABAg,by far best youtub rewind,1
UgxQeddf-7ZkVKWp7wp4AaABAg,best rewind the best year,1
UgzZ7-Vu20tTKEf13UV4AaABAg,ah yes last god youtub rewind,1
Ugz3MKF3vc51R3PQ4a54AaABAg,not even bad,1
Ugwg3iGDLXJCmrtB-554AaABAg,ah year when youtub rewind not disapoint,1
Ugx8fel79Dbubu9o1oh4AaABAg,last god rewind rememb,1
Ugx8Vg8gyNS-rLMaFG94AaABAg,ah yes day when rewind actuali rewind not minut advertis,1
UgyI0VXWc0YI2PKYBKN4AaABAg,mis,1
UgxseyKzUYbZCr1qgeh4AaABAg,this beter than hel rewind,1
Ugwg8PUgr_EjprVpSWx4AaABAg,last god rewind rip,1
UgzezKDqC1gwbLZn_7h4AaABAg,not bad,1
Ugw0dD6wd-hz3mCdyRB4AaABAg,best rewind me,1
UgwjGLoD0t93AHeWo-h4AaABAg,dan howel vest best thing ive ever sen,1
UgyF5g67vgaZcN2R5wR4AaABAg,god old day i wil mis year rewind like al themş,1
UgwAxvLxnIyxYIYAcCZ4AaABAg,mise,1
UgxnwAeOfSFTL57kr-N4AaABAg,when rewind were god,1
UgwPBQ_atJMJ66wQuTV4AaABAg,everi year come watch rewind al other what time year was,1
UgygcHhAT6z8yY8V5hB4AaABAg,mis these dayd,1
UgyGJ_rWqiY1VBgbz3R4AaABAg,at least one god,1
UgwiR_sdMprnUjX6cwJ4AaABAg,ugh god old day,1
Ugw1qrOI-jumfLlnK9R4AaABAg,best rewind ever mis were legend wil alway rememb throughout year,1
Ugw8mwITo3IuxLiMv214AaABAg,wish could lop honest best year,1
UgxPYpr7igS6dTYOY9Z4AaABAg,ah back when youtub rewind got like,1
UgwE8tWSI6-TXAiV2M94AaABAg,best rewind,1
UgwU0xTJgUpHl2fOamp4AaABAg,last god rewind sad,1
Ugym_4GQjjmz0IvFVJp4AaABAg,,1
UgxUBvnA6skJEtml4Rx4AaABAg,like video,1
UgwcSzPjPESGBb-WmyV4AaABAg,al these rewind god rewind god besid cant wait rewind from mrbeast,1
Ugx_TuMGRLCbnneEm0N4AaABAg,god old day,1
UgxG71WCjhUwpyWRipl4AaABAg,what master piec ruin tradit now we not have one here at,1
UgxfoGBUFH7jwD9xCWV4AaABAg,god old time,1
UgxWqY1JpfKEx5GScb94AaABAg,that beter than rewind,1
Ugwozn7QhskpvkrFqfF4AaABAg,best rewind ever,1
UgzPw7tclIuX6qoczFx4AaABAg,best rewind,1
UgyfAmsw_6mwrqNmTf94AaABAg,think we al here rewatch best rewind ever made,1
Ugw7M0EUXm8zJlGX5Zx4AaABAg,smile,1
UgxcOMNww8EeZ1oS3Tt4AaABAg,gold,1
Ugwq0bdOuhT4Bl09p1B4AaABAg,best year,1
UgzV5IT0PphMFORpg3B4AaABAg,honest an absolut cinemat masterpiec compar most recent one,1
UgzBc3B1eZOUVIiVRe14AaABAg,ah god old day,1
UgxC__XfiM1XBSWFpb94AaABAg,first rewind ever saw man mis sad,1
UgwLDbncnoYMkzfHK0V4AaABAg,ah god time,1
UgyqiNtvmspQrGKbHnd4AaABAg,mis bruh sad,1
Ugy8KnmDVT2V9pKEV194AaABAg,so col nostalgia,1
Ugylq0XNU81ApXbmUNN4AaABAg,best youtub rewind ever,1
UgyFSXuK4pqPPIhJYHh4AaABAg,best year youtub rewind,1
Ugy5hdg2dg7i10E75yh4AaABAg,final god rewind,1
UgxV2pTXqs2yDm3YDp14AaABAg,last youtub rewind god sad,1
UgyLJ2_qyNh48-4-X8x4AaABAg,best wil forev best god,1
Ugwz2FDTEWpeO5dj0154AaABAg,se how do thing right,1
UgxFkbC4rPkg0rT9Ifh4AaABAg,laugh super funi,1
UgzgBQvJCzA2wdivgqp4AaABAg,laugh laugh laugh smile smile,1
UgxhMZaENk_v7SMiuAt4AaABAg,love hari poter shirt laugh smile,1
UgyAaOifIZfKmUV2VHR4AaABAg,cant breath funi,1
Ugzo2I-t4Vq5ClOYCjl4AaABAg,shirt best,1
UgyyxIddFkQ0ps-USyV4AaABAg,video best,1
UgxeDdI1YZKx0OdtrYN4AaABAg,her joke uniqu t,1
Ugymd-o3w3SCVc2J7NN4AaABAg,liza col,1
Ugx49cfdTmUf_aPYoFl4AaABAg,mis wednesday with liza,1
Ugw8xU4F8EVoIv_9KFt4AaABAg,love,1
UgzuJBkomLbRulKgpQJ4AaABAg,freak hilari love god,1
UgwU7E7Nux1AkEOwmod4AaABAg,love shirt,1
Ugxa_zCf_sqnZjzKGO54AaABAg,love u,1
Ugyn-J6ypQ2_87jDYzR4AaABAg,love hari poter shirt,1
UgwAi_udUG_IGX6-r9x4AaABAg,she made dolar from video damn girl wish could do,1
UgyNkZym_eyz3vLY4Qd4AaABAg,mis,1
UgzQrmLBxFk6tZv3J0R4AaABAg,yea know im late yea im watch these reali want wednesday with liza come back becaus they funi,1
Ugx4ZgF53QHwptYaIzt4AaABAg,girl back two day ago best thing chanel hapen she post said her intro wo,1
Ugy29DSb0GR5l37hj814AaABAg,recomend nice,1
UgwfbYNtERv3Kbwz-VN4AaABAg,begin video amidet like,1
UgxmPQFhSZ3W6SNLpN54AaABAg,glase hack work tri work,1
UgxA1z7KQavya8mkFU94AaABAg,shes wear hogwart tshirt mis her,1
UgwKTwrnL8ApnnJUa-l4AaABAg,who els watch liza dure quarantin becaus mis old video,1
UgxRxJ2Ynf_QHBkYdAJ4AaABAg,mis when liza have these kind vid c,1
UgxcYeoE-OxX9H-rWAF4AaABAg,when it quarantin cant stop watch her old vid repeat,1
Ugw6osMDe04uiaZ5wGF4AaABAg,respect hogwart shirt,1
Ugx8gYRZBfS6_-NSMal4AaABAg,liza we mis,1
UgwbFVK7awa2l-dl8bt4AaABAg,mis her old vid,1
UgywTkMXztpLL7i89Vt4AaABAg,like shirt,1
UgxNn839LN6FXrtKQP14AaABAg,mis wait type video she use make,1
Ugy4qCIqgJX05YUzIPR4AaABAg,rose red sky blue if love her make thumb up buton blue,1
UgxX7VcBQyunEtNhNMt4AaABAg,who els think liza should do wednesday with liza againlik if think she should,1
UgxKd-d22h1tOtm1Hft4AaABAg,video never get old,1
UgzccccwY-4QflTX2yp4AaABAg,favorit youtub,1
Ugz914vXmn85ywIfLHx4AaABAg,can popular,1
Ugwl3Wy7-yxOK1e6wN54AaABAg,cant believ peopl not like like liza shes funi angri,1
UgxoOHIjo6dFYu5gH5h4AaABAg,legit die laughter rn shes funi,1
Ugyr6JychrOeyDtWGMJ4AaABAg,literali make hapi liza sad love much,1
UgydLJhy3HoWsKxHy-R4AaABAg,could watch these vid over over never get bore,1
Ugxt3PeCJqidkuBGx094AaABAg,shes preti smile smile,1
Ugxjby_jzfIkn-GN3eh4AaABAg,intro with al peopl comedi gold laugh,1
UgxTvWrY7h4DG0ybTEF4AaABAg,liza am big fan love vid make laugh everi vid like smile laugh,1
Ugxe72MvP6LLsKFdNel4AaABAg,sori doe anyon fel unwelcom favorit part smile,1
UgwRlPF0YobR9qZGH4l4AaABAg,funi,1
UgyyVpoG4yt3xuMpukt4AaABAg,after year had come back childhod,1
Ugx1WX456Q2jt_JosdV4AaABAg,man mis day sad,1
Ugz5cTzGfvxnbyFIAUZ4AaABAg,love come back,1
UgxaQIqf5fa6zgCR95d4AaABAg,when threw ice at him at end laugh laugh,1
UgxDqwf_SHwN7CAT5JV4AaABAg,best era youtub,1
UgyLOp16X68SeYo2xcJ4AaABAg,,1
UgxCzBYSpWT97fn9sPZ4AaABAg,back when wolfi god,1
Ugx6QOa5b3TlhO1Knm54AaABAg,damn mis these day glad wolfi do these again stil mis these day,1
Ugyw33ddAFBx46DdGeJ4AaABAg,col,1
Ugwg4D7OmptrBtGZkcp4AaABAg,not believ onli seventen,1
Ugxin7rdDxNOxBHbLJx4AaABAg,wolf david one best youtub out there,1
UgzVm_FHnX53HQaSJw94AaABAg,dude funi,1
Ugz_wxYt8rNCnBGyLvJ4AaABAg,love video much ive watch mani time remind god time had watch wolfi,1
Ugyxb-myftqNFtNTZP94AaABAg,those were golden day sigh,1
UgwVPHu8QYVHJlrX8Wl4AaABAg,top video give like,1
UgwWE78d4D2cnB-OcM94AaABAg,lok like nba mvp,1
Ugy_x2Y1cxkzrQ_6vq94AaABAg,mis,1
Ugyt1-xpjUjrLzEgMC94AaABAg,selena preti smile,1
Ugzr37P5pG_akdIFVXd4AaABAg,best video,1
Ugzy5hYEZ-zkipw25Sx4AaABAg,ilov selena,1
UgzhyaeQrBoIN8faJIN4AaABAg,best part,1
UgwNs74YhgS48JCCu4B4AaABAg,she down earth,1
UgyFDQ15OPNZlsjm2EF4AaABAg,like her finger,1
Ugz_D_drkMUdYDr516R4AaABAg,now that girlfriend id likeselena not popular or rich,1
Ugx_EbCKgSDzqKaiGxp4AaABAg,love ginger to love benefit selena gomez,1
Ugw1-37ODjK0wt-gja94AaABAg,most view video carpol karaok histori selena impact,1
UgyULUKC6FsJGFbLu3F4AaABAg,jame lowkey sing preti wel,1
UgwSQmzpG3M0en13pBR4AaABAg,quen,1
Ugz7DCRcXKO1CQS34Lt4AaABAg,such col girl,1
Ugxtz2U6a76yPk6jz594AaABAg,shes such an angel,1
Ugy7IWHXMVGfqu2M01p4AaABAg,jame an amaz singer just to god,1
UgwwWLjephIih2SyFR94AaABAg,love how selena calm rolercoast,1
UgxQeq9PXbwlbwg2mVp4AaABAg,shes real tho shes not extra or anyth can se her cloth xd what would wear tuesday,1
UgxU_SD9TMttcgdOJ5N4AaABAg,show set,1
Ugzbo7Da0nGU3xwD7RF4AaABAg,no one gona talk about that how know she can sing,1
Ugy7bHnct5WY9fI9n3p4AaABAg,pleas bring back,1
Ugxcl60xfCYWCJgkjNV4AaABAg,forgot how much god music she has,1
Ugw-nz3lAe2EnQH-YOV4AaABAg,veri funi jame said am also here,1
UgyTSh7nXCzfpoeMfEV4AaABAg,she cute,1
UgztC2aVhzwAiE3FM6J4AaABAg,she such vibe,1
Ugy3Ul205Y_-_Oa-Wol4AaABAg,best video ever,1
UgwDCCDJodw4BcPoBjd4AaABAg,laugh like song,1
UgzC-J10HsAkuSRd0_V4AaABAg,gez laugh whole video love selena wish cud met u,1
Ugz_GdMHr_qUYhm7DRJ4AaABAg,also love drink ginger shotslov smile,1
UgwINkk8YKLrfp1160J4AaABAg,favourit song love from india,1
UgzsyGq5YtAs_O5bRv14AaABAg,shes girl wana kep around,1
UgynEc4H5ZWlMGLp-Yx4AaABAg,probabl justin bieber like her she fun,1
UgxYITKhStzlBBAU_B94AaABAg,those who say selena cant do high note she kile,1
UgzcDwX0Ms2kvQ7NLet4AaABAg,who stil watch carpol again again coz it god smile give like if watch also laugh,1
UgzqziT9CpyGmgbMIy54AaABAg,she sem awesom love d,1
Ugwp6HO6yKpVo1y2yVt4AaABAg,love selena smile,1
UgwJmtamJJ_MrlnYh6l4AaABAg,bring selena back hilari laugh,1
UgwSeLQQ3GFo4vKPZ1N4AaABAg,love selena so much much respect wana met onc lifetim,1
Ugwx16VCzK59PwIzCY54AaABAg,im love with her hand she quen,1
UgwAgJht20fxnNhnLGZ4AaABAg,shes amaz d,1
UgzXEX_Vi1RLW7D4zrJ4AaABAg,,1
UgxGTUleIoYK_vVNsXV4AaABAg,,1
UgwKQDW0uK-dt5p9ukN4AaABAg,selena preti by way am girl,1
UgyI35O78mNFkNZvmEB4AaABAg,she love beauti perfect,1
UgxbpNWwI1DnDJht2ht4AaABAg,i think industri could use litl femal sexism girl yes,1
UgxWcjQflFPTMRKoW914AaABAg,selena cute at roler coaster,1
UgwZ8jp6T0NBwlIDust4AaABAg,favourit carpol karaok smile,1
Ugz4CQ6W5MRu6nMpIhB4AaABAg,we want part two,1
UgzezQlfWyekSd3EU5J4AaABAg,reali love selena,1
UgxnGrLCBxy_5WlFOYJ4AaABAg,who want part,1
UgyFsr9EzaSLHG6E_5l4AaABAg,omg start clape unconsci,1
UgzYWV79vOTQfA5J1Zl4AaABAg,jame reali cute tho love,1
UgxC5mlVV00UoMp4HYN4AaABAg,selena gomez fuck col love how col sing roler coaster,1
UgzkkDXMIUeukzwlOCd4AaABAg,love her much,1
Ugw2sy1b1xfyWdmuJIt4AaABAg,shes beauti amaz love selena gomez best,1
UgwuYj-w26ZBaPtKEkN4AaABAg,favourit introwhat up bros name pewdiepi,1
UgzLwrbF_ahivp3HRcB4AaABAg,stil relev laugh,1
Ugx8V2lOJUVEzGbqCFt4AaABAg,like this congratul,1
UgxZ-RNSth_ggyxIqM94AaABAg,love edgi pewd,1
UgwKyds9ECkIEbXTlq94AaABAg,lok like vike god,1
UgxdXN_2K4uRbnJfOst4AaABAg,random thought about first time four year video freak hyster,1
Ugx5eDkE-idXsl2igPh4AaABAg,col video,1
Ugwqv_ivqpAA3_F6RJx4AaABAg,man legit,1
UgyyOl0FnCCALWOB-NB4AaABAg,back when pewd actuali funi,1
UgxrNH7-Uk_R2dphq3N4AaABAg,col,1
UgyCIBop1TuRI9PqUKd4AaABAg,watch vid with m sub,1
Ugz9M-thnYkP8zRbQ3t4AaABAg,,1
UgzpIBz8MJfXu19c-914AaABAg,veri nice god,1
UgydD-f1E05qB3LdYXx4AaABAg,got paper play buton yay ar at,1
UgytuSxwMb4amZ-s1h14AaABAg,get diamond pewdi awesom video,1
UgxJPC0dRuWzIyWFLUx4AaABAg,congratul,1
UgySIS_cxX8VfZAcsaR4AaABAg,damn mis era pewd pewd from late first half someth els,1
UgwtWhBsUhYvhlGp9wh4AaABAg,subscrib,1
UgxukHCVrsDEM4jY6cR4AaABAg,god,1
Ugw--RO3KxxQfpaXEyF4AaABAg,funi,1
Ugwgevc-zK_wVze31QF4AaABAg,give chil everi time,1
Ugw0CMgO1zFfsRFqXpB4AaABAg,probabl best game trailer ive sen,1
UgwOhuzOsyYDMxCgbIV4AaABAg,whos watch smile gota love trailer,1
UgyVSPRbLvCHHIZIaRp4AaABAg,here stil as beauti as first time watch,1
Ugw1IDrVIPLmiIbrbth4AaABAg,cant wait,1
UgzNKsp2y2wkQ0DqGJp4AaABAg,im stil shok at masterpiec trailer,1
Ugz7mTnOx9Jj3Tdb88J4AaABAg,best video game trailer ever made,1
UgyfB4MBe65yB3CSX0R4AaABAg,best youtub ad ever,1
UgzxdO4IxBO806OsB814AaABAg,greatest fp shoter game ever,1
UgyDGLzkx-QCD0iEIkB4AaABAg,stil one best trailer ever made,1
UgyC_RZcLQPnZZO079t4AaABAg,stil greatest trailer take note make god one boi,1
UgzVn2VnaoA3NzgPCEp4AaABAg,best trailer unirvers,1
UgyFflT4ZjygFV1F-Jd4AaABAg,there wil never anoth game like honest saden,1
Ugzh36YYOxWZxbnqxJJ4AaABAg,love game,1
UgxXduxa-IXIGQJQHNB4AaABAg,who also come back get gosebump from this,1
UgzAc56dsO6R-Yv_tV14AaABAg,oh reali like scene,1
Ugy-G4MKizFCdptJqdt4AaABAg,year later stil lok awesom,1
Ugz2rIBiiIEBoaweo3d4AaABAg,let hope batlefield have same hype,1
UgxfCoE6Yknwg1WyR714AaABAg,best trailer ever made even after almost year,1
Ugw-9WcYvrXMNz1m19R4AaABAg,onli god bf game deserv trailer god,1
UgyrMAFunBJqV-8T1NR4AaABAg,releas birthday best birthday present ever,1
UgxwMOqKb-0vxwkWrmN4AaABAg,kep come back love much,1
UgzQXPo2GvruwxVWkVl4AaABAg,am almost certain song make everi trailer beter,1
UgwDIX7MVOFBA1HcrJR4AaABAg,best game trailer ever,1
UgwyOyvXJxgcUI7DmcV4AaABAg,love al batlefield game,1
UgyoamBpoRhcy-3Is4N4AaABAg,when batlefield beter than cod,1
UgxZRHTvSU60JNidoOp4AaABAg,if onli game made next gen consol man would have ben best loke game ever,1
UgxJuwK6scvkSLsLvNR4AaABAg,stil get uncontrol chil while watch this damn,1
Ugy0BHKTvif2BV7qFP14AaABAg,batlefield has best graphic,1
UgydpgpKQmadCN2O1V94AaABAg,best game have ever play ever wil play,1
UgwSTYpKice5iy9EQFl4AaABAg,god stil amaz,1
UgwEsUtSx3wdlcKaobt4AaABAg,everyth about game god opinion stil play after year,1
Ugw01PCBEIdDxLJnnfp4AaABAg,know did someth phenomen when trailer has milion like,1
UgzuOQoVtjD2qjNv32t4AaABAg,ah beter,1
UgyBpQE895bLVfe7HA54AaABAg,,1
UgzWv4dliv4yHcxrTNN4AaABAg,what masterpiec,1
UgyuREjBaf3ieB0y4z94AaABAg,stil greatest batlefield ever,1
Ugw2fwh9eYxDxlyRPbR4AaABAg,best reveal trailer ever saw,1
UgzUm9eVVpLF6YrC8Jl4AaABAg,legendari song legendari game,1
Ugxh563dlcxJW-HrmHl4AaABAg,they chose best music ever,1
UgynbM014wdguiMLUTJ4AaABAg,never get old,1
Ugxc_pQW9HGc2xB4zg94AaABAg,batlefield one kind,1
UgwCBqsv8JzcLggswjF4AaABAg,best trailer made video game histori,1
UgwNiCnMsVOEVB7upUp4AaABAg,crazi how year old game lok beter than most game nowaday,1
UgwEjL5TCeRUlHTPz5N4AaABAg,batlefield last god batlefield game befor franchis die as long time bf fan break heart how did end like this,1
Ugw9NMJsc7p-KVNdLDV4AaABAg,without doubt best batlefield,1
UgwKNBi7JQmq7nh1CX94AaABAg,the best trailer ever,1
UgyuOsjTmLu2MvZS-Yt4AaABAg,stil best trailer,1
UgwYKkSpGY22igrS73N4AaABAg,hapi birthday year great game,1
UgxkE00vgsDcC7Uk6Cx4AaABAg,im not sure il ever as excit game as this trailer blew mind when came out stil doe today,1
UgxHsIoVQWgmnT_7ABd4AaABAg,what master piec,1
Ugx285ccnwLs_bRJE_54AaABAg,game much fun mani thing do never got old,1
UgwAItn_jZ2Yyz1EjiZ4AaABAg,even wil end game stil best ever,1
Ugx2e5V2x00zGVMM4n94AaABAg,not know whi scenepart give extra gosebump,1
UgwE6FG5si53yQ_kGYV4AaABAg,best music,1
UgwgdGWDOKO5fGDUMRl4AaABAg,best trailer game histori thank ea dice we ned new batlefield destroy those fps game out there,1
UgynQsU36897SN4psuF4AaABAg,one best game ive ever play generat,1
Ugy01TugZyARlmnEoKx4AaABAg,ima tel grandkid game onli one we had,1
UgzUytN_KtAJsWnUW714AaABAg,best best,1
UgxG6F82eEqN05YJNY14AaABAg,best game ever,1
UgwD6a56B03DK0Imfat4AaABAg,best modren game trailer ever,1
Ugx7AjvtHHrBrnO0itF4AaABAg,mis man,1
UgwKWCd_p5ARkEvQ7yB4AaABAg,best batlefield opinion,1
UgzVW3PsNRqGcQ251At4AaABAg,youd think trailer litl exager game play exact like it one bigest win recent game,1
UgzOGrQzQx8joiLc7vx4AaABAg,stil hot god,1
UgzthcFPEtNdwmjtqz94AaABAg,damn when bf trailer where epic sick,1
UgzfhW6ua9t-XDRA1I94AaABAg,know it god game when come back almost year later watch repeat,1
UgyyZHlx1cQ78PIG9794AaABAg,one og like rolex,1
UgycQLaFVxgFmaRf7gl4AaABAg,trailer gave chil ea can do right,1
UgyioYviIfUiPu1Ry8J4AaABAg,epic trailer epic game black op suck,1
UgzhXwn8JHG_-K6hl6N4AaABAg,song never get bore,1
UgzrhnytGWBDaZH21Zl4AaABAg,trailer so motherfuckin awesom,1
UgzBc1Cq50bWxqcG8rd4AaABAg,who came here relief,1
UgzjH8MZ0W_06zkrnY14AaABAg,like panda bob marley smile laugh,1
UgzNe9oYl4csgX5dJtF4AaABAg,no substitut song,1
Ugxz7zdH1PpyyTDhSvx4AaABAg,let se how mani legend watch februari,1
UgwXhvCEd8JjruuIzpF4AaABAg,like,1
Ugys45mLy9ZTyCwOk694AaABAg,smile god,1
UgxdhrYKY8MhMfRaOKJ4AaABAg,nice,1
Ugwbea5n2BGW15K-QHp4AaABAg,song never get old,1
UgynzajYGQSvCwjScLd4AaABAg,like,1
Ugy4kCwgDLI3m6YL0Ht4AaABAg,earphon plus ful volum legend smile,1
UgyrfBwfUmgVwC0h0R54AaABAg,god surpris,1
Ugz1mC3l7iFlQ1NJpCV4AaABAg,god,1
UgxJOoC_97vby909BgF4AaABAg,legend alway love song,1
Ugzu8pbPgdYT10XeCnN4AaABAg,scare smile surpris god love love,1
UgyTXaJkHfdJs2pIp_Z4AaABAg,smile laugh,1
UgyyGnNUpZLQJox1yWV4AaABAg,m view weldon god,1
UgzsJlazBKVWfsFgsCZ4AaABAg,veri nice omg,1
UgxYLFHuIcSdDUbrlRR4AaABAg,want when enter clasrom,1
Ugx3QLq9IVpWJIOrmNV4AaABAg,let make trend laugh,1
UgzZFU9-TtXpSDuWklV4AaABAg,panda cutest song cover to,1
Ugw8u7nD__GqUlPFBj54AaABAg,best beat world,1
Ugwrt9Zb3-ig9O9zg254AaABAg,,1
UgzPuWnsq8SmdZ1FJOB4AaABAg,veri top bro,1
UgyU6A-tBnV4qcb7nw54AaABAg,song get hype asf man,1
Ugw0BUGScAWdBeMpwQF4AaABAg,like d,1
Ugzc6yBtMGZNWpTpZb54AaABAg,love song smile love,1
UgxFoTijj59y3cUm6jp4AaABAg,god god god nice,1
UgwRHBFcEmlxRpF0--Z4AaABAg,hear song headphon it veri nice,1
Ugxsjuv68tfXkCI01EJ4AaABAg,bra idol like song bra,1
UgwXuOkKAxtmB-2MAF14AaABAg,love panda,1
Ugz-ZBwTroVbkG9slh94AaABAg,laugh god music,1
UgxV7UiZgp5I0NFp-v94AaABAg,lit god,1
UgztUxi5inIaIjWRT-F4AaABAg,love song stil,1
Ugy-Z0YYi8lIOrmA5GZ4AaABAg,super hit song,1
Ugz9PgePkGqG-IE02yx4AaABAg,,1
Ugzj2upWeo6qz8SxVW54AaABAg,ultra legendar watch,1
UgwJeIqn9K3oXiw2ORx4AaABAg,love these video m like,1
UgytOalZlXdUuG53Uf94AaABAg,like video,1
Ugxp-Q6kLzUADI6bi0l4AaABAg,who els kep watch these video,1
Ugzaa3XHR4Rp0CZlmGl4AaABAg,we did mil,1
Ugyg3wmo6zzv35dM0y94AaABAg,make hapi eva,1
UgyGiMUJYbVIrJIYyBl4AaABAg,omg got m like go eva,1
UgwF_811CcfmcsBT4NF4AaABAg,i love your vidyo,1
UgxUCO_ySKTKkww_tMx4AaABAg,laugh smile laugh smile smile laugh laugh,1
UgyzPBH27hRHGDhdsrB4AaABAg,subscrib chanl,1
Ugx30pBHbmWTOIyHzSt4AaABAg,love you pls give sout out,1
UgzCRSt2shOhp2TRo6l4AaABAg,love song begin,1
Ugzt42r37y_zPPUKpU14AaABAg,love,1
UgxjAU5eVr386Y4QqpJ4AaABAg,make col viod,1
UgzAdFNC-w0WlBifEzx4AaABAg,love youtub chani,1
Ugzit9s0p8xxBlaHld54AaABAg,favorit youtub eva,1
UgzvsOxRfHpSXKrJd7F4AaABAg,love it,1
Ugzk_7J_4GJTHMGLaQd4AaABAg,funi,1
Ugw9xXUZncmz6Mqx4wl4AaABAg,wow she so famus,1
UgzawVFgw62kJOTb6TV4AaABAg,doe anyon mis these kind video when everybodi did colab togeth,1
Ugxd4H0BOWlnL47uwRV4AaABAg,anyon like,1
UgyqARpwOrfAsOGroWt4AaABAg,yay it at milion like,1
UgzDAD10wYcXnpT-oqZ4AaABAg,mil,1
UgwmrHJlHVaIHQumZZZ4AaABAg,col,1
UgyMe75g5awosH7PC3x4AaABAg,love much ave,1
UgwW44POGhIlsXTKOEV4AaABAg,god mis youtub era nostalgia hurt,1
Ugzh2WPJnILzSKaflJt4AaABAg,god job ava got milion like god,1
UgyF_ZLKHBsjkQmSROp4AaABAg,cole guy intir world,1
UgzkZpw66Mybhsr3DIJ4AaABAg,stay strong,1
UgwAXlJe6Kr32djO8nZ4AaABAg,im friend now ur not alon with not wori about buli,1
UgxaaIbpBGoh9dQoBG94AaABAg,kep head up budi,1
UgwZ9SIn5Za7U5q_foV4AaABAg,wish friend not like how get buli kid sem like nicest person earth smile,1
UgzKnSHg_cwlizcRJEt4AaABAg,love presid,1
UgxEA255R3cA7KM4OdJ4AaABAg,god,1
Ugxu0sA_I2tfWEVk8nd4AaABAg,simpli beauti,1
Ugy8atzy1rD8Ma9BeTp4AaABAg,beauti voic,1
UgwUeytLjZ-CTyUbf6B4AaABAg,funi had like it laugh,1
UgxY2bGxtPlaUx6Awi14AaABAg,stil beter than youtub rewind,1
UgxgW83NI5SlM9-HLkJ4AaABAg,ajit pai base,1
UgzKIndRqXalRpHAVSl4AaABAg,ajit pai greatest hero ever wil save internet hater go away,1
UgwF_efHLoZQE_PT8Ed4AaABAg,love ajit pai,1
UgxBvl_ytkcTxDSo4Rh4AaABAg,greatest video thank,1
UgydCSL-XtjexWTG1z54AaABAg,think love man,1
UgwzD6WoVCND-SCp-5Z4AaABAg,thank base pai,1
UgxJ-XcKWrduXZBpoGV4AaABAg,idubz song amaz,1
Ugy40u0vykEI7n61iS54AaABAg,wil glad hit like twice d,1
UgzM60A5MP1KjtxI3HN4AaABAg,love vid,1
UgzxfXfZvT5DGvtcyjx4AaABAg,thought funi as shit laugh as of laugh,1
UgzW0LmHh_GbVwlQPvF4AaABAg,im genuin confus as h gete much hate from podcast thought they did an excel job distinguish complex fine line when come use certain word from an object standpoint,1
Ugyge4_xrh2n85GYqiJ4AaABAg,edp fuck epic,1
UgwPYeVoq8feGAO_qyN4AaABAg,wow hila hair point,1
Ugzh8WuVWKJ01IsI8814AaABAg,rice fuck hater at least stil got bag yuh,1
Ugztlm6h4O3v8uIM-yZ4AaABAg,video refut most idubz claim peopl hate,1
UgxsIKWbjYqmNlBudSF4AaABAg,wel have admit his asian jake paul dis track preti fire,1
UgzObRBrt_R_iIcTJCl4AaABAg,everyon hate movi it not bad,1
UgzPRQZs6MmqWmBR6ZB4AaABAg,holyshit m dislik damn love movi despit everyon hate it,1
Ugyn3U5KAIZQvFhBKTN4AaABAg,what an empow movi best adapt period,1
Ugz4L52XEXmG4kmrFdR4AaABAg,movi reali god no hate im state opinion not fact lmao,1
UgwDWadYKxiTLTZTKn54AaABAg,think film reali god it shame peopl hate,1
UgxHBpavZMjtaDyqUzx4AaABAg,im go get lot hate personali like movi,1
UgwLvxq8KflHu-3lWL94AaABAg,their mani dislik fav movi,1
UgwRb-RXfcCjZOBAlEt4AaABAg,best ghostbust movi no sarcasm stop be negat,1
Ugzkgbz2-hgy-cf98K14AaABAg,i like,1
UgwALAvoNt5J9Ek8Cjd4AaABAg,do peopl hate,1
Ugx_vup3gaaKwJA6qnJ4AaABAg,unpopular opinion reali like film fel like got unfair shame,1
UgwRMR4Jk7yd6LjHmlJ4AaABAg,welp lok like im onli one who acuali like movi,1
UgxQPrEVdbZGWhwos1V4AaABAg,honest like beter than origin hate origin,1
Ugx6cCxWj2r32OYqWHF4AaABAg,am onli one who genuin like movi,1
UgzdVt_HH6rspbUwzOB4AaABAg,not understand how has mani dislik,1
UgzrmJc84jOYRT1ey6x4AaABAg,doe thit video have much dislik not think bad,1
Ugy4UfbjiNTtmPw__TJ4AaABAg,not know whi it funi laugh,1
UgwYlmRjEUtozxABQel4AaABAg,love this do peopl hate it,1
Ugwkv-n2L4lsDDrW_g94AaABAg,best part anim,1
UgyTLCbePJvn-NeDWXt4AaABAg,trixi katya save video,1
Ugz0_07DMofQQdxdTs54AaABAg,best part video,1
Ugzr5ixA2T1hTpTYTGx4AaABAg,love fresh princ wil smith,1
UgxnXk_MPnQ6G8V_3vd4AaABAg,love,1
Ugw3YYIFY8ANgEJnT5h4AaABAg,isfuneh,1
Ugy-LdMXrlBppCc-pg14AaABAg,honesli like,1
Ugy7TjA_lflPTyhXX7h4AaABAg,like it,1
UgyTQWiVF6q2AcGVVlN4AaABAg,game lok fine peopl ned stop act like kojima person friend their,1
UgxP5XkX-ChkGe30qsZ4AaABAg,lok damn col guy with shotgun like bom chk chk smile,1
UgxeP362de5j2Bd93El4AaABAg,such lust an easi profit who,1
Ugxj03q8P3Tg8bay0fN4AaABAg,omfg new metal geari want now now,1
UgzMPPgLEHKLjXqaqV54AaABAg,go best metal gear ever,1
UgwZiKcSXnip3F-lJPV4AaABAg,lok god,1
UgwNkBvlgPhEj4_iYjJ4AaABAg,veri nice,1
UgjR13K-1pnvyngCoAEC,did actuali lok ok,1
UggHxm0ZAiJeqngCoAEC,omg your big right now kemstar ben here sinc mil,1
Ugjb2viSY22JDngCoAEC,al hate what doe guy wrong most dislik come from kid fuckin or who never watch video him tryin lok col,1
UghqPGeYDHOxVHgCoAEC,nice beard bubi,1
UgiW3yhn_nmFcXgCoAEC,hi im bigfest fan,1
UgwcwcAcoBLyp8Y-Lk94AaABAg,best content creator youtub man proud nucka year countin fockem,1
UghJf8MSSvyg6ngCoAEC,love video rucka kep be awesom,1
UghZeJ4LkLl7OngCoAEC,rucka rucka niga,1
Ugi4wPZWHsCsr3gCoAEC,not mind ty should take over perman,1
UghomDjjfqZX1HgCoAEC,not mind new guy,1
UgjGFNi50c_IKHgCoAEC,like new guy,1
Ugj5HDZgv6-yRngCoAEC,like vid ty blue know kem profit from shit,1
UgjVAyrzxPnfRngCoAEC,wow within second alreadi like his new guy hes not say let get roit into news love new guy,1
UghT9fPz74B5rngCoAEC,nice shirt custom made,1
UgjU6Ur8VtsFoXgCoAEC,fuck hater kem god,1
UgiCdrae6WUVKXgCoAEC,last god video from dramalert,1
UgjglZTlq5kkQngCoAEC,gue im onli one who suport kem not reali care what doe watch his video news,1
Ugg9JEOPct4znXgCoAEC,best part,1
UgwO5NJXXXujn5dqbwJ4AaABAg,song save life coma mom play this woke up turn of,1
UgyONhvf5sfUA3GaxWB4AaABAg,love youy,1
UgypDd27HXTPfjSCmUd4AaABAg,reali god stuf,1
UgzGpvPDMXcCtrLJjHp4AaABAg,reali love move hodi flor it veri snazi,1
UgxDC4bD4Y2bp7nX7T94AaABAg,like,1
UgzM0715DhA3MUwL1E94AaABAg,your legend if onli came here check dislik,1
Ugyv7LN_pU2PmOwMI094AaABAg,wana wear his sweatshirt love smile,1
Ugx82ahip1qj94kf_wV4AaABAg,doe everyon hate him,1
Ugww8Y9YoYjpAc7Wkul4AaABAg,hold up has milion dislik song it so god peopl stop hate him it catchi,1
UgyD42oFW3-n8RHwGf54AaABAg,clasic,1
UgxZ7ee0nyVxhuLTxRN4AaABAg,prefer over dixi damelio one whole dayand song writen by child,1
UgwP7Q2hh57HQMF2bTB4AaABAg,it lyricali beter than anyth by dixi,1
UgxkIXGDVXDBNODoKnV4AaABAg,cant even lie song catchi asf,1
UgxRiHBZYXvxOvYAjSV4AaABAg,adict song befor when like or ye like one,1
UgxrzqCvGtDyjnGimt94AaABAg,yal tripe aint bad,1
UgyKW6x0rUzNtQ3qDO14AaABAg,doe have mani dislik song lowkey nostalg,1
UgxTV_Hg7zjD_wMJAEJ4AaABAg,song fuck jam,1
UgwCBbQecrGMvO0ml9B4AaABAg,trailer movi god did get more dislik than did like,1
UgzRYhF2pXDx7qmhw1N4AaABAg,awesom video smile laugh,1
Ugj--dzHmtgAhHgCoAEC,love music when sayson juli sad,1
UggGQQUWBG2Q0XgCoAEC,bad love movi,1
Ugi43FkC46qslXgCoAEC,lok god,1
Ugh74rPnxZSexHgCoAEC,decent movi,1
Ugjx3XSRpiNxlngCoAEC,not watch origin yet ghostbust funi love it,1
Ugju-ZmVg80aFngCoAEC,kate meghan movi gota god,1
Ugid-QmZLO59kXgCoAEC,saw movi reali like laugh lot veri great movi,1
Uggx_JeLGJUaQ3gCoAEC,love movi,1
Uggq2i-JA5mWOngCoAEC,kate mckinon save this,1
UgjiPDbuE7f4cngCoAEC,have sen movi love,1
Ugi06a1UzF8rq3gCoAEC,movi funi as hel not know what peopl talk about hurt myself laugh at it,1
UgjDeP0Y7lWdAXgCoAEC,movi god,1
Ugix8jt_OaGAV3gCoAEC,dumb peopl who hate new ghostbust movi peopl not know if suck until watch it,1
UgikAolLYTn28ngCoAEC,whole bunch lame motherfuck hate film not singl god reason love origin love movi as much it difer hater can go suck it,1
UgglOYI2U4Zg-XgCoAEC,awesom love best trailer ever want watch cinema plz ad movi putlock,1
UggFIZlioipf9HgCoAEC,love movi,1
UggcWX_zBa9QEXgCoAEC,amaz movi way beter than old ghostbust,1
UgjRY_ewwN_y7ngCoAEC,not understand peopl not like movi rli enjoy,1
UghtwAUGL4X253gCoAEC,great fun movi peopl should watch it give chanc,1
UggW8qJNx8_kYHgCoAEC,al hater leav then let peopl who like damn trailer enjoy without negat angri,1
UghXrsd6HRiytXgCoAEC,cant wait se,1
UgxqWrZOtV7iw__BpGB4AaABAg,best cod,1
UgwReMfD3LIY64UvNpd4AaABAg,not go lie trailer vibe,1
UgwQg2y9KiRxLyQ9pR94AaABAg,campaign best sinc bo dure it time,1
UgyT3aVd4gSNXvKL0_14AaABAg,did peopl hate love play game,1
UgxVsWamY5YSoS76Q_p4AaABAg,actuali reali enjoy game laugh,1
UgyUUwjCGFxtMz7b3M54AaABAg,beter than batlefield,1
UgxA2kxchDzM-85tCdR4AaABAg,like cod stope play bc nobodi play anymor,1
UgyZRcbxYswmllAWQTZ4AaABAg,game beter than peopl give credit,1
UgzBieABujNdnaGLMBh4AaABAg,actuali kinda fun,1
UgyD5is-4gcBm31VKa54AaABAg,atleast not bugi ful hacker,1
UgwaxMw9HzNTLTV0Jft4AaABAg,best game ever wait nd part,1
UgyX8GhJIlCRYPaOcAZ4AaABAg,game dope have,1
UgzdE6nvjjWlWorT4e54AaABAg,cod game had most under zombi al time peopl slept,1
UgyJjV6Y7mE5517vCbF4AaABAg,game amaz ef those who dislik trailer,1
UgyEWwcEO8PeuN_ugsZ4AaABAg,had more fun play game then cold war,1
Ugz1kxX-ItgnJZVMd5J4AaABAg,has more color than modern warfar il give point,1
UgzMlb0WzbkwrpyFz_B4AaABAg,honest game not deserv hate got,1
UgwbgkuzF6NpiO8t8ul4AaABAg,like futurist cal duti gue that,1
UgylcskpuVBLIYtVPLJ4AaABAg,best cod game ever stil wonder peopl hate,1
UgyZGYiWXJQA57NmUll4AaABAg,actuali loke fun,1
Ugwmd774_TXLhPHwPTt4AaABAg,honest it stil beter than mw,1
UgwmhWj3oh_46zoMMHV4AaABAg,mani dislik love game,1
UgxN0doJWbMo__WtAJ94AaABAg,after do campaign fel proud put like,1
UgyqQekKoPsC0yVXBf54AaABAg,ethan,1
UgyH5j_OaOnoauu47CV4AaABAg,personali like cod,1
UgyvU658cN14QGw6Lrl4AaABAg,futurist cod done right,1
UgzzY03lBy7k4mywuNF4AaABAg,base game,1
UgwF0v7hnpTQmKbacf14AaABAg,love game unfair becaus they not even enjoy alreadi hate,1
UgyLI025I6H-Uyhva1d4AaABAg,there noth wrong with game what with dislik,1
UgyknD-JiqdU0JIMPw14AaABAg,lot hate actuali like game,1
UgxeAPEGw_h6iAxVJuR4AaABAg,game fire,1
UgwUeFuPf3ftOnmaBp54AaABAg,love campaign,1
UgwTNFAShf6k_RI6iId4AaABAg,not to mutch col we ned beter it not like black op or it col,1
Ugw_EijxhLugKZlEXUZ4AaABAg,video got milion dislik game sick,1
UgxyLtIQMBiiOaOgnh14AaABAg,am onli one who actuali like infinit warfar,1
UgwhUL6eCI3TNFTV35l4AaABAg,year later game not bad at al if game came out today im sure not have reciev hate reciev,1
Ugzl5gF9nnvIwHxsTYx4AaABAg,stil favorit cod al time,1
UgwVBBae_nYxenBgJb94AaABAg,im probabl funier than you preti funi joke,1
Ugzro0WJh41DbVk9nph4AaABAg,mustv ben an arduous task watch everi season jersey shore do research these question aplaud sacrific god,1
UgxUhAtALfQwsYM5WSt4AaABAg,love song everyon say reviv suck yet went platinum not suck as bad as everyon say,1
UgwYD-sjT6OcxGp7KdZ4AaABAg,fav artist,1
UgxjR3FwFF32XMjW4-R4AaABAg,master piec,1
UggpQWU4H9Do-3gCoAEC,hey that preti god,1
UgzDBIFrp_l21Rzgz4J4AaABAg,nice song,1
Ugz_H_ForWW8HXZ5Bp94AaABAg,amaz,1
UgzlA-s1sKwuLLxifLB4AaABAg,rise colest person world chil,1
Ugw5suqmeCFM-vw3Afl4AaABAg,god,1
UgyAEVht_W3n-YtIWJh4AaABAg,poli song,1
UgzwzrZgBKKDAF1ttkd4AaABAg,thank mucic awesom not leasn peopl like have wach six year,1
UgzLlqXW3J6ERhSwXXR4AaABAg,mgs lot msg,1
UgzpOMX0o_vu8eTBCSl4AaABAg,yar im captain now,1
Ugyp-5VfZMme8tr5g6l4AaABAg,can count one hand number rap song own own song,1
Ugha3jLSqAY-z3gCoAEC,bashur life,1
UgzzFr9OiqBAPCKdbJB4AaABAg,dear deipei pleas suport guy,1
Ugg_fOfEckB6angCoAEC,love se sub count old video becaus that highest wil ever reach,1
UgzJF86G4aiXmnDmw3Z4AaABAg,god old day,1
Ugxxb4bdXUZbKvDJpUR4AaABAg,best,1
UgxTNHFjjGqHNSozng94AaABAg,colab never knew nede laugh god,1
Ugyzh6yK7UidOq6ygrt4AaABAg,now qualiti content even tho not histor acur,1
Ugxv0u0gXGZCYLsn5Vp4AaABAg,know youv made best trailer ever when year later make as excit get back into game than day one,1
Ugxm23AKc3Sp9kUjzd54AaABAg,pleas invit blackpink,1
Ugy0D8YVGc0Z6Yuxzmp4AaABAg,love how shes one those celeb not get plastic surgeri even though she make joke about her bob or lack x,1
Ugy9MKU17nXcEGSoh-54AaABAg,shes reali amaz human be,1
UgyLG2YZ5ULhh541kOZ4AaABAg,apreci how understand much more video after few year,1
UghDDTkGfYUWDngCoAEC,supli box laugh,1
Ugy6oXPr2phw-B7IW9R4AaABAg,guy we could make religion out this,1
UgjStcoYgP40ZHgCoAEC,it go fun year ahead with iw modern warfar remast,1
Ugw4lZzMJOL-swRGNT14AaABAg,damn love song,1
UgzOEHymO1h_vyGheSB4AaABAg,best cod year,1
UgzYUpA_iK-oQym4JDd4AaABAg,mean love love liza am take note,1
UgyNFRY25a7wBY7ycjl4AaABAg,sadest breakup ever,1
Ugx47GhKNqjKUUn2vg14AaABAg,funi entertain d where ocean alreadi,1
UgywlAXiVKJWXQj2ylx4AaABAg,im here after maya rudolph nation anthem smile,1
Ugw249pv7WbLerfpla14AaABAg,absolut love it,1
Ugx9HDXk9SK6lSh73OV4AaABAg,god like if listen everi day voic beauti love love,1
UghrKjjvvZO4QHgCoAEC,love rucka damn much,1
UgwtfmTV_uy0NiTgh1N4AaABAg,fire emblem awaken half smile,1
Ugyf0LrqRjwsFi0dZdp4AaABAg,stil give gosebump,1
UgyEFcFggn_FrxdwPv94AaABAg,dislik,1
UgzCJXTxOiAdN4BRQgJ4AaABAg,trailer hype,1
UgxTv1bInpIBV5dSK_R4AaABAg,let go m like,1
UgzMI8AqQy2v-aeq2xh4AaABAg,video so beauti,1
UgxfQloS-odZw2PfaEN4AaABAg,favourit part im literali wheze laugh,1
UgweWae7_8aK-3wpcn94AaABAg,lok like parodi video nope our govern,1
UgzTJ0Lzf6rYNRacJoF4AaABAg,finali phil,1
UgysRgw-Lbmm9QTI1wZ4AaABAg,,1
UgwhKd9laWpl3qUffmd4AaABAg,who watch laugh,1
UgwGDshRUycomopE6at4AaABAg,bf stil aliv,1
UgwL-JTb52hbl566CEN4AaABAg,out real life falout right here,1
Ugx0I-f1vQ7cw4C4fR94AaABAg,laugh,1
Ugy59pX6upO8PvaiNQx4AaABAg,fele legendari song smile,1
UgyN4E04T9h5LYe_T4F4AaABAg,im glad real truth came out about him his,1
Ugw-E_BujTAqlovT2UV4AaABAg,wow bare realiz she by hous she sfv,1
UgwtqdOVpGbc3tAjBr94AaABAg,teacher leson histori w girl no it bore ew boi,1
UgzNBGVwAnYuOtc4Cv14AaABAg,video stil here sufer everynight dislik ratio becom biger biger guy we lost seri we love not stop hurt it like they want kil seri fel to not you im gona make em give back our past,1
Ugy8XK-EcrCdvQpmGfd4AaABAg,shes gorgeous,1
UgxBnl7FmiCW9AF4i9p4AaABAg,iconicbeauti love,1
UgyWjdTLHVTpXLaa5rZ4AaABAg,eminem best raper,1
Ugy7qAWLU_gypjusTRJ4AaABAg,stil banger,1
Ugy2Wa-wGFcerHvKOQ94AaABAg,reviv favorit album his hand down,1
UgiOvklPBZSwKngCoAEC,not care they femal have watch movi great n funi star,1
UgwbNwnzH6t1Xa45-yd4AaABAg,who els watch repeat,1
Ugy45t8OEy59k10eDqJ4AaABAg,love mathew like this,1
UgxkVUrC8jpEal4d-054AaABAg,aw selena lok hapi,1
Ugx3JtgVzO_Nr_-FR7h4AaABAg,trailer stil probabl favorit one out al mcu,1
Ugy3c7skSDNf1rfGIKp4AaABAg,amaz song beter than jake paul laugh,1
UgjBBTKdpzs7iHgCoAEC,favoret yutob,1
Ugx4L4-BgswQ-LDyt5h4AaABAg,even milion stil love,1
UgwDmpFw0nyvdZ_TWS94AaABAg,it inevit no mater how old video get wel al back here,1
UgwWInHW-CuTfbOo3ft4AaABAg,best rewind ever mis,1
Ugw70K8LZ_SfOayX68Z4AaABAg,best batlefield game,1
UgyjKnVzmxlO-SqADaN4AaABAg,beter than at least not have as much dislik,1
Ugzrs978FU7j-1Y_ARR4AaABAg,as much as im not fan rice gum think dis track extrem god god job rice gum impres someon with litl sub,1
Ugwi_lHTpG5e4nzsiDd4AaABAg,everybodi gangster until croc start spine,1
UgzPMmm5T1So8iVQC9V4AaABAg,am alreadi confus within first second kept watch fel smarter than albert einstein laugh,1
UgzpSi_Vp8HCuJTE9kJ4AaABAg,had take kne dure perform,1
UgzQ7GXjtp3tI2AdkDd4AaABAg,amaz,1
UgwqHjubmdDCg8m7P9F4AaABAg,honest opinion most wel thought out video ive watch,1
UgzSvrPo6u7U8yBjPFF4AaABAg,not bad gameit enjoyablei not understand peopl hate,1
UgycEt5Zdcd-GFe24c14AaABAg,after year il back play bf,1
UgwHRUfZ9L_sEvD3R6B4AaABAg,saw ocean wow great movi love sandra bulock,1
UgwGLLcvob943H9mFap4AaABAg,greatest trailer after kgf chapter now,1
UgzWGYN-lr3I5CwS_Kd4AaABAg,love ariana,1
UgwlopxlipTorKw-gcF4AaABAg,trailer worth everi watch,1
UghzBkUx9XfVmHgCoAEC,probabl most hate person youtub,1
UgwsaGgfDOb_f5XWQl14AaABAg,am onli one who like it yeah okay,1
UgyxeMyxuAR7oOQzS0J4AaABAg,mis these video much,1
UgzfFCqBxeWNP4XtN8t4AaABAg,nd greatest now histori rewriten by kgf god,1
Ugxf-BkOYAifzguF1w14AaABAg,power,1
Ugwfce1nmRfg3f8NdUJ4AaABAg,til day give literali chil,1
UgxYNkCn1gh3X1v9Dzx4AaABAg,col,1
Ugxd7U_M7C4dTCZAWXp4AaABAg,homework one though it true,1
UgyDt-8DR94u9JlOyQ54AaABAg,ive watch morn it reali god,1
Ugzf3uLQ1hxvQ_aoU4J4AaABAg,truli best game ever,1
Ugz83hkoASbWicWPtBh4AaABAg,wel done nasa kep great job,1
Ugz59sMSS71d71oaOtt4AaABAg,stop war start explor,1
UgxRfR-bNQm1Xala_jN4AaABAg,she sound god here it like her voic totali match,1
Ugzf2dK4K607VeDhApR4AaABAg,want someon lok at way jame lok at dave,1
UgzJ0Dmu6u6lWktJ_gp4AaABAg,oh god almost whole year stil get back here experienc same break up kinda ned valid reason here am laugh,1
UgxS3A--xF5PfrR5B1p4AaABAg,peopl who say she do high note se thish definit kile that smile,1
Ugxy0TwgsZ-keWsaxrN4AaABAg,ned friend like taylor selena theyr literali besti forev smile,1
UgyVoHXlJSK3Xn85wrR4AaABAg,,1
Ugw1BW-CLLUFmJUipUN4AaABAg,awh how awesom im wonder where ryan higa is,1
Ugzj5zfmOL0pMYE35DJ4AaABAg,song deserv go number one long time,1
UgzPK_phXkb3JkLhnkJ4AaABAg,game legit awesom,1
UgyfOw5RB0IR9N6kGEJ4AaABAg,litr mis her vid,1
Ugzs9EmkarrCyXiRON94AaABAg,whenev se trailer onli one thing had gosebump love,1
UgzD2rARpWjbPw462qB4AaABAg,last god rewind rip youtub rewind,1
UgxGSdaZKKHiynnrKNl4AaABAg,got tast music if listen,1
UgxNoKSroPVXeSKF0ap4AaABAg,fuckin luv song much,1
UgwIhLs2eY5eXKlcp514AaABAg,onlin clas would beter if there video like everi subject,1
UgwzvRQgpIPk374IZGV4AaABAg,video definit icon,1
Ugh1KGgEFRfk_XgCoAEC,wtf im black not stop laugh xd,1
UgxQSBu9_WDIJvTDM9J4AaABAg,who would prostest with get back liza post video agian,1
Ugz4b51bFh2WSJG4_aZ4AaABAg,never sen anyon say now ocean file with plastic enthusiasticali,1
UgxFBg7x4T1vZBCv3Id4AaABAg,wow god at make,1
UgxGEJ04ecexCWUvW4x4AaABAg,laugh jaiden jame,1
UgyOLLh1GxFbXZvJcAV4AaABAg,woah actuali like washington post video,1
UgxWmP_wgO2zA3ZJ65R4AaABAg,song thogod damn love,1
Uggx4qnC3p3sPHgCoAEC,god live,1
UgzOTHeQQeD9aWsXlFx4AaABAg,rip grant thompson,1
UgxBk5Demj7kHZIDJKJ4AaABAg,actuali an epic trailer releas at wrong time,1
Ugx-jgSzR_sJuQS5gIl4AaABAg,after watch seri final adventur time remind song,1
UgyZ9xyRpOGKuJpQpZ94AaABAg,rington,1
UgzTd8dxFa2NY5y5esB4AaABAg,love jacob sartorius from big fan holi brown,1
Ugy-6nlp9yk0xlejBTp4AaABAg,more video like plz we like hardwar,1
UgyCwmkFtMmWgF9FQal4AaABAg,ocean it either emili blunt jenif lawrenc or meryl strep or most versatil actr tilda swinton love,1
UgypK-OXct3j32HMVrV4AaABAg,nice,1
UgxuzvwpXEwE_ieFP7x4AaABAg,game awesom ive onli play first rd chapter campaign beter than batlefield opinion,1
UgzNcQB97I-59xcs1eR4AaABAg,okay like gota admitpopi lili part funi,1
UgjvNkc5PU1QyXgCoAEC,man growth real chanel,1
UgzF0uOIgt5nOOYlxBt4AaABAg,bruh ok actuali amaz,1
UgxbeTfR7wReobskSUV4AaABAg,everyon talk about bra guy no one talk about how not take singl breath second vers,1
UgyomfzhyY4UN1sapTB4AaABAg,omg she kile it she slay it she crush it dead,1
Ugyj1_V2YsSebUjkEIN4AaABAg,colest part when ksi had fidget spiner,1
UgyiwF95GiNtwCjTJe94AaABAg,onli break up made cri not even watch video get what liza go through hope she restor confid herself,1
Ugx6XBWTAuz7anWyQkp4AaABAg,atleast we got amaz remix theme out movi,1
UghEzpadaXQPi3gCoAEC,laugh comedi god laugh,1
UgyI7YmhUNxtavo_DMF4AaABAg,ah finali found video search jejejej rararaha aha wow,1
Ugz2tlSPOoSa1kO8--94AaABAg,those open vocal though smile,1
Ugg3mApvojEa9ngCoAEC,love you it midnight cant laugh laugh sem a trumpet xd,1
UgwkJDSpn8CGMu_jdlB4AaABAg,have much memori with game,1
UgyidNRGmkxcXxb5Otl4AaABAg,nice song man,1
UgxyRzpt_rs36xmpKsR4AaABAg,xd crocodil to god person,1
UgybmartKbdIjQJmwk14AaABAg,song painfuli under,1
UggDIwPydxUIQHgCoAEC,actuali awesom do agr wil never compet with origin one stil god wish peopl would stop hate it hope there number,1
Ugx4qawy6Z3UC0BM2dp4AaABAg,remind doctor strang love,1
UgzmaSoT6Gy5vbCtNVx4AaABAg,easili best rewind ever,1
UgzzGY2jpQEl9-TxF_p4AaABAg,like lok col,1
Ugxh3a4q8p6KT-Qu1q14AaABAg,congrat mil,1
UgxXI4OcAXZ5ULipw7N4AaABAg,love song tehe,1
UgyLCtuaBcgJuAkQymV4AaABAg,trailer wil never beaten,1
UgzaQ0F0wjMRHq7cczx4AaABAg,omg luv watch vid,1
Ugw6bpCX5bxeJp1eJzR4AaABAg,god movi,1
UgzBWOfSyjbY6jBzDr14AaABAg,super under,1
Ugz-RMoSSlWm2XSjdyp4AaABAg,best selena like sister from paig,1
UgzE7H-Z4EkEqXkGctd4AaABAg,selena gorgeous love her,1
UgzQ1rnoy_aLbfjw88h4AaABAg,we mis,1
UgzfPSFqtdBljIdibAV4AaABAg,much hate reali like,1
UgwnqShFyxE-9iCsjjJ4AaABAg,that kinda col,1
UgxAC4KEml8umFPxAc14AaABAg,liter masterpiec,1
UgjO7STcPsxoxHgCoAEC,not wait game,1
UgxUwJbeEyG26T8YYzl4AaABAg,omg were listen atmospher at begin ilov atmospher do parent,1
UgzClK58X_XS07C2WRN4AaABAg,ethan alway funiest when hes folow someon els script xd,1
UgwzjKvPaGcLvEoABPl4AaABAg,love watch old vid becaus bring memori make sens,1
UgzrQjr8MZyI67MSXKN4AaABAg,milion like smile,1
UgyT8Abbi_oJj2XArtB4AaABAg,honest like movi lot,1
Ugw-C3jfU-yIYFf_Qq14AaABAg,ive learn more les then minut then have like year schol my point is year schol usel,1
UgwQvZT-JsiHEIry0Qh4AaABAg,thank brave enough use platform despit know would get shit we ned more famous peopl like you,1
Ugzd6gm2c73WqQcz_114AaABAg,love,1
UgyqWQbrtJsDpfXy5lB4AaABAg,gosebump,1
UgzEaR3CAehQSJNr_mV4AaABAg,actuali love campaign,1
Ugw0ZjNaSCZS8GoUb4h4AaABAg,laugh,1
Ugzi-vXxEhUUU_oDSFF4AaABAg,idubz has lot power his hand talk about human god,1
UgyAwOXPDJjn_nReHkF4AaABAg,it white stripe made trailer,1
UgzvdrwNBkU24SoNVo94AaABAg,love guy,1
UggBaZ_BfFf7nHgCoAEC,trailer loke reali nice cant wait se theater d,1
Ugzm924Hi1owWKHJX_h4AaABAg,compar what we got year gue not bad,1
Ugxb8uulN0qCxUTFVUZ4AaABAg,selena absolut when ma friend made embaras thing public laugh,1
UgzdHl3-8MWWeqgHnZ54AaABAg,x sound god,1
UgyyF8VFE7qT6HRKcpd4AaABAg,best batlefield game opinion imers atmospher unreal cant wait bf later year god,1
UgwBNbBQ-ICMWg2J43J4AaABAg,love eminem part,1
UgxSjgeBl6UhrFRXDOp4AaABAg,best award show colect long time,1
UgxKH4KWpHfty34kOjN4AaABAg,love read coment laugh,1
UgxobhpKdSaU5liamrF4AaABAg,by far best rewind the al,1
Ughkztp1hulCIXgCoAEC,movi great not know what al hate about,1
UgwbM3ZgMPhT7rJhFzl4AaABAg,nostalgia mis wish repeat,1
UgxP4jOBI-XUq4cY6sh4AaABAg,has point,1
UgwH3slynLGe208nnw54AaABAg,milion view wow,1
Ugx9ksG4zpU9DAJihTN4AaABAg,mis video like this,1
UgyK--8wqT8Ekv72nWR4AaABAg,wonder how mani peopl watch hh video content how mani watch becaus they hypnot by his caterpilar eyebrow danc,1
UgwXxPk-9uPhxEaZCvl4AaABAg,like rewind,1
UgxFc4wW7yfGgZ0bm814AaABAg,favourit person awesom col like song life fun,1
Ugy0fIE3jXMT99ghRlh4AaABAg,not reali se lot guy hate ethan much after this said pewd not have said live big whop pewd probabl not have anyway ethan even defend fact whole legal document stuf far go against pewd calm shit peopl none reali mater anyway,1
UghAM_OnlUzVpngCoAEC,okay everyon hate o movi can we pleas talk about how hot julian holtzman is thank,1
UgxcIFmYDH_XnzgB5Bh4AaABAg,know what youtub alreadi watch year im not even complain gold,1
UgzmFvbq0QMrrd_wuz54AaABAg,love mis wolfi,1
UgyvggGyGWOjUd8tFH94AaABAg,note word itz stil search youtub rapid,1
UgwGRYw36lhxzfKNwq54AaABAg,yal more mean then ned be,1
Ugz-WZ3bvr7u2U1pwPJ4AaABAg,veri poetic pasion song literali one mani most power album eminem has produc,1
UgwxxnUT19go6Y-qgCx4AaABAg,yes duck tape tri almost lost nipl laugh when she said,1
Ugx3MTuquhdd6h6fDlJ4AaABAg,handsom,1
UgwuBV8bouzwDngINcV4AaABAg,ive learn most import fact ever sun dead lazer,1
UggBLIxleObT_ngCoAEC,movi actuali preti god mani peopl laugh dure movi,1
UgzTyMxKkapnMiiFdFh4AaABAg,sound sincer,1
Ugzwnpa8n7YLc55zMqx4AaABAg,is normal oh yea tres scream arizona live,1
UgxsgccPucoOEHCsGdR4AaABAg,like how there theodsout toy behind dave,1
UgwDGGX4XlFMyAhh3sN4AaABAg,end funi think that realist eminem ive sen year,1
UgyJ4dPGn2lU4E8i40p4AaABAg,ah what memori from first video pewd upload twice day back then c,1
UgxwHcYgLJ2SbLWvsqp4AaABAg,love,1
UgxwNxsGDfAmetyA1kd4AaABAg,stil here,1
UgyMkUC5XZMCyNvRrD54AaABAg,watch video has cure leukemia,1
UgyHtXPb4_f6I-YR4Bt4AaABAg,watch time rip,1
UgzZsQkJn-QoHbfMU9R4AaABAg,great game complet releas at worst posibl time bf made craze be bot ground w instead go back they went farfar forward,1
UgztlVI17z2rY3Nou_N4AaABAg,like vision plz sad sacrific himself stone,1
Ugy8hOa2xTdm2KZP-5p4AaABAg,balsi move hamer over granit counter granit one softest rock one slip up youl replac an entir slab laugh anyway col video mate,1
UgxadKnqx98fZYktaDl4AaABAg,clasic not mind sequel not yet,1
Ugxm6hESg3TIp4F1D9x4AaABAg,ive ben bing song most them song not even like they bring back pleasant midl schol memori,1
UghV1x3jYFQeQ3gCoAEC,at laugh as,1
UgwRg_M5r63agzzTGvh4AaABAg,idk these dumb fcks kep coment negat trailer it col yeah it not like trilog it stil col have some respect,1
Ugx70d1jj_RWg_ZLFh14AaABAg,new resid evil,1
Ugxdnq7wG6-2q1KtxlB4AaABAg,funi laugh laugh,1
Ugwl7aQQthFu1nEkcWV4AaABAg,al work could bare watch yet could not lok away,1
UgiDwxSSfR0zYngCoAEC,yeah movi awesom also extend version made hela more beter extend should have ben theater should have becaus reali god movi not worst movi year wil say batman vs superman shit show there zero plot confus with movi hey soni great movi make second one those who love movi screw hater,1
UgzKXbnh0y2ZYYyRVEV4AaABAg,yo rewind actuali god compar what we have now,1
UgzryQETCICNr5KFVd14AaABAg,video gona get al histori teacher fire,1
Ugxr1pbG-SkvPf6H2rJ4AaABAg,fine im enjoy this,1
Ugy2zbi7976g7umzCb14AaABAg,not dare get dan phil dirti favourit line video laugh,1
UgzvpIHFNitfqpimu9p4AaABAg,im here from video rememb someon opinion someon opinion take with pinch salt respect,1
UgwLFIJKbuydxVR6s6h4AaABAg,wow age wel prop rice,1
UggwiONtdL9rFngCoAEC,think like zilion pl gona coment about how am wrong but like,1
UgxhGclPyb5-9JzpARp4AaABAg,quit like video mat litl ofbeat from normal work can understand mesag here kep do what make hapi,1
UgwrOR3czOBeI5TwpMN4AaABAg,say what want ricegum chad while idubz simp,1
UgjyjRG57yGfhXgCoAEC,personali think movi ok not beter than origin ok like cast actuali so yah opinion not go hate smile,1
UgxMx01gQIHf9q9c_o54AaABAg,aint big fan rap music reali god nice twist mat congrat him thank peopl who help bring us al,1
UgyMnRaRh8NAmA-Nzgh4AaABAg,heard first time todayand not se peopl give hate mean have ben listen sinc slim shadi lp sure difer honest it beauti,1
UghBoOY6f05da3gCoAEC,im probabl gona buy it onli reason say probabl becaus not know how mani peopl wil onlin,1
UgxFjDvhXQmfSh9e_FV4AaABAg,,1
UgzEnNSZ0PtjlsXnJKN4AaABAg,hi react chanel im alway watch video love them al hope can make react vid bong chong dong ghost ty more power you,1
UgxM4nd5hQTqeECUQ1d4AaABAg,wow truli uh wierd interest,1
UgxrjAuvH78L5VQ55Bl4AaABAg,im upset got hate favorit cod game now there never gona make anoth one like,1
UgwVinUXVnugZuyjjsl4AaABAg,col,1
Ugwuwly3DQBUV0abmYt4AaABAg,rememb watch wolfi year ago then saw recomend ofcours came back,1
UgzmO7nA0fPLS3EDTKt4AaABAg,logan paul listen it not fault anyth,1
Ugj0K20eccJg73gCoAEC,am onli one actuali like movi not care femal replac male,1
UgwTGPPWyy9pYoTRRyp4AaABAg,beyoncé sing god her time over sori sad true song veri amaz worthi an eminem eminem make rap great again,1
Ugj3Klsr5MtHrngCoAEC,ı think perfect game al dislik,1
UgxKIAfDuBUol9gwksR4AaABAg,strong boy god bles kep peac god,1
UgzmAILR9_NDbMyVUs94AaABAg,peopl dislik not know what god music,1
UgxEosB4sgwnVTpn76V4AaABAg,suck could his last album hate al critic has ben gete with his recent album as have done sinc his first album pick fav ad them playlist have song playlist from everi album yes even new one actuali reali like quit few his newer song not get it,1
UgxkT_75Y3sX39YWDiN4AaABAg,rucka rucka best,1
Ugx8ZUZ58uBeNjxLjBd4AaABAg,beyoncé has such rich vocal reali separ herself from other,1
UgwPKQtDz2tKLHBLtDB4AaABAg,not let them get head your best raper ever,1
UgwEvC2vxM2FfPFUkWZ4AaABAg,love watch lol,1
Ugzza1aYdurpQdFB0Xl4AaABAg,much fun,1
UggT-NaxOTwB83gCoAEC,reali god movi personali,1
UgwcyXMgV0nzfENZ5Ut4AaABAg,onli song luka fele some onli thing kepe sane through these rough time want send love everybodi let everyon know everyth wil get beter son we al go through togeth love,1
Ugw8IaVwQteVoO-DRxF4AaABAg,hate self bc love rewind,1
Ugz44_VGTZGWK_PFddV4AaABAg,love video,1
UgyJMZ71oDE3ymRdzLV4AaABAg,forgot knew how laugh nede this,1
UgxPVm0Ys1XrZmaHEfF4AaABAg,a veri interest time period internet everyon went of shit not go lie stil want give tri im simpl man,1
Ugh3PBuaITOM6XgCoAEC,not understand hes stil gete hate chanel preti use sometim,1
Ugzt8d4JB8YVV1ogqi94AaABAg,rememb al year old edgelord gete mad at this thing is right,1
Ugw4IyR03tfu9JD4A4p4AaABAg,yes do it scienc explor setl mar yes mon not if not delay mar dep space gateway not know sem like masiv veri expans distract like video pleas do it,1
UgjW_XjrGVmOiHgCoAEC,wow trol out forc here if not want se it then did even come lok at video as me im about get drese head ot theater,1
Ugzw6eblX2LVauxv1Nl4AaABAg,love them beard,1
Ugztm649sKgHdXSyanx4AaABAg,put spiner back his nose hapi,1
UgxZAq3ikRB4arL3fnF4AaABAg,lok im cute croc,1
UgyyZgg2kULZsLwTMjF4AaABAg,honest one beter video ive sen day gave like,1
UgyKo9Sn_MgbLDrJOHh4AaABAg,im glad spontan put everyon recomend not know am,1
UgwrwKVtQ_a0sqEO6Np4AaABAg,no it not luck around long music best they go straight heart listen love love,1
Ugx3VdIT8qpRRivQkN14AaABAg,campaign not even bad beter than bo,1
Ugxj1MCCi75SUlG4wdB4AaABAg,there s thing cale music use exsist hes captur get real over not these guy talk fast al fake same em greatest not get his respect deserv do new gay skini gean inter web mileni what ever those other thing there no abomin explain them thank god one last real men shout out marshal,1
UgxWHrAxlCevDfJXtJ94AaABAg,masterpiec,1
Ugyl6qbAISxZ3_OXa3J4AaABAg,hi backfrontsidenonebeautifuland ugli ok ok im done nice met,1
UgylkUQ4F22TbxW-6TZ4AaABAg,best rewind al life laugh,1
UgzfPtEttNuO3TRrJ3Z4AaABAg,al peopl dislik vid were prob laugh hard they mis click,1
UgwCeLX_f_z_8cob2Zl4AaABAg,not let peopl opinion get down if enjoy make video like andor enjoy rape then kepe do it chanel your cant let peopl who bash content dictat what upload thought great kep up god work,1
Ugh9FqWWrKId53gCoAEC,against movi tok litl sister se it not as bad as thought act fantast there were some honest god hilari scene,1
UgzxyBPDTL4sCFlCKId4AaABAg,it now anyon stil watch masterpiec,1
Ugwt2UtEahbP-X39PLR4AaABAg,here befor masterpiec get b,1
UgxdKNp8LU84pGYIXyR4AaABAg,like,1
UgyaRMc2SF-VjpdA60p4AaABAg,pure poetic perfect there no old vs new eminem there onli eminem,1
UgxA2dzgIdI6-D_3mbd4AaABAg,wtf there much hate it not even bad at al strong mesag god lyric col video nice beat alright flow mean it not an absolut banger or anyth it not teribl hes not raper made rap song obvious it not go great atleast tri bet did alot beter than everi singl person who dislik video could ever wil ever do if they tri make song music video,1
Ugwao7dQWEsR8Ve8ua54AaABAg,subscrib,1
UgyNflmUQ5KCowljM5V4AaABAg,love how selena have fun carpol karaok love american quen shes amaz talent that love her everybodi stop hate quen,1
UgwXZZDk24_rlRYC3HZ4AaABAg,oh no song has more dislik than like laugh song catchi tho,1
UgwL7GI89mb2zHukdhR4AaABAg,col how mani yal visit recent we mis liza david ah,1
UgjoUlIasqZJL3gCoAEC,not know peopl hate game if lok god friend tel not buy peac crap im stil gona buy not care what friend say also peopl love old game beter when they make more cal duti game they go play infinit warfar they go say new one suck,1
Ugz02TuRlC19YBoVjOx4AaABAg,love ghostbust music,1
Ugxa00aWf6wRmRXDawB4AaABAg,love,1
UgyxLKDwAmwfrUsKUy14AaABAg,have watch video mani time can basicali recit whole thing with him,1
UgzD29wL3bWCZD68li94AaABAg,cant understand this amaz god smile,1
UgxMe4A7lm4h9NqVijF4AaABAg,not get hate thisi love origin love one peac laugh,1
UggQrR6oaoo8HHgCoAEC,believ you know tel truth,1
UgzbMRy_lPgAd8znEj14AaABAg,she stil have alex ruso laugh from wizard waver place shes ador swet,1
UgylNX3R8i2SjO6VivB4AaABAg,everyon freak out about reaction this think your one few peopl who react apropri,1
UgzTZs7p6Jh1HgiIb3V4AaABAg,game actuali reali fun amaz time period came out,1
Ugyi5bpUbV_wU1Ixfg54AaABAg,lok god me,1
UgzYBrTgX6nLskQR3yZ4AaABAg,oh mat love you serious awesom song vid swetheart,1
Ugwo_5zZwk5ZnJ_ZGud4AaABAg,game how do divers stuf harlem helfight reali interest game inspir lok more into them,1
Ugygq7oEKO4YeNgbTrN4AaABAg,goat god,1
UgzyRXcHCqnAyLbrxut4AaABAg,apolog god it quick snapi no long paus not tri shine god light him,1
UghrQ_ci2MLiOngCoAEC,laugh end kile true said though should take down,1
UgwVMi3F20UbY_TIdTN4AaABAg,not it actuali actuali one fav god,1
UgzaT80b_c-V_zXWWnd4AaABAg,befor down,1
UgwsAxx1QxFtHcOXDbZ4AaABAg,made hapi love,1
UgzHYFm5Mhpe8jHUafR4AaABAg,wow shes suces shes stil probabl make money of video made almost year ago,1
UgjiyQyN2TnfEXgCoAEC,kem agr should punish mani peopl die orlando shote reali fuck up joey salad not understand hate gete from video,1
UgyWjPLgGFgIbUJI7lh4AaABAg,lucki,1
Ugw0RMUECIvzrzMbZC94AaABAg,love kid much,1
Uggeyx3hApLy33gCoAEC,game op god job cal duti,1
Ugze1el-PCFOcvioK3p4AaABAg,kep up fn al america outsid it corupt liber citi laugh at guy hard guy our saturday night live laugh,1
UgzZVIp1FLWmhvdsfvh4AaABAg,made year ago beter than wonder what,1
Ugwd1M9dsoGlQpYKNAd4AaABAg,damn game came out over year ago stil beter than most modern game market,1
UgyF4Y1EWm5L3PRg7oB4AaABAg,nice video,1
UgyJb3-JK8E5_hkVOR14AaABAg,love vid,1
UgzDWYIPMP4peJIeV6t4AaABAg,por guy now what fel like am buli am onli,1
UgzbEWsRyvj7zLA5OIR4AaABAg,cast with icon women love here,1
Ugx6PRawh6HegyNegpZ4AaABAg,actuali fire great bar god beat god mesag catchi hok has everyth ricegum jake paul not have yet yet much hatedamn shame,1
UgwI8xJqWPvwLsCQqvt4AaABAg,honest best made polish foil bal have ever sen youtub al other trash laugh,1
UgyQF7cRqPaOS4M0Ind4AaABAg,eminem rap fast peopl say white raper shot fastest rapepr int world white no mater what anyon say stil rap god everyon love no mater what not listen ani hater caus they not listen right ben,1
Ugy7TRKt9drjPFhdn0p4AaABAg,lez get bilion view januari her first solo hit bilion,1
UgxF7Fg5lbJbIWA52NR4AaABAg,great rhythm length want stronger hok,1
UgwlCkkQLOT458GFhM94AaABAg,song artist beauti,1
UgydLyQnMVBJnf3LuI54AaABAg,absolut beter than youtub rewind,1
UgwZiHFZZgAmnbGseSl4AaABAg,mani dislik god mat pleas kep do stuf like awesom im scare youl take hate heart give up pleas pleas pleas not,1
Ugx9fT7C8Xgbv9Gt_6d4AaABAg,swear th time watch damn video know al line it it to feckin funi,1
UgxmpiiKTK17_jtxffh4AaABAg,im gona give like anyway caus cmon bros cal duti,1
UgwRY4v4g-kEvry4-w14AaABAg,they cute togeth even as friend,1
UgxIMgCUUexVBte_6wV4AaABAg,beyoncé quen,1
UggBc0X49FFkHngCoAEC,screw hater there lot girl power film deal with it,1
UgxZ2yT5FiSP2uuTJRV4AaABAg,mathew humbl god god job guy love it love know yal put lot hard work into this,1
Ugzvn8Fx2j7REnSQ2rh4AaABAg,day birthday yes meme birthday,1
Ugzv5KqPB1thXIpsLw14AaABAg,mis them much,1
UgzDZIRyJAzycva5se14AaABAg,hat of you at first not sure if parodi or whatnot mater had watch whole thing chang scare peopl fear inward depres fear go outward anger peopl fear what they not understand folow do you mr santaro one mater not mind one who mind not mater god ya,1
UgxTBHbT7OwT-pPS2QJ4AaABAg,mat love mesag behind peopl hate they not se mesag tri give everyon stay true bud we love kayla,1
Ugw0EVvgFWjWzu5KLtZ4AaABAg,nice caus think peopl beauti way they are love ya,1
UgyYLrW3WLwS3l9qNop4AaABAg,them efortl vocal though scare peopl say she cant sing live alway say she lip sync,1
UgwB0A_yKu-iSFOF5g54AaABAg,im not much rap person someth can definit enjoy awesom work with video by way almost not recogn mat when start rape,1
UggnESM-s6_SwHgCoAEC,sen today with son thought god entertain movi most peopl give bad review guarant not even se,1
Ugx0gdahvpuN-Y9QpNt4AaABAg,peopl dislik video becaus high dislik count truth iw one beter cod game opinion beter than both aw bo opinion,1
UgxK8qEEz5jmQvAw7KF4AaABAg,game one best space game have play life at least futur game acur not like previous part game doe not deserv malic from peopl hope new part game wil releas,1
Ugz3ssJA0C7gQdzCOc54AaABAg,not know about whole feminist holywod remak stufbut found movi excit cast great especiali perform laughway blanchet got meofcours it not ocean triologybut know it preti god flick imo,1
UgzjFiEN6e67kJ8Cd_l4AaABAg,love song some may hate they have opinion to eminem best,1
Ugitk8_k1OQ_HHgCoAEC,wow love gameplay it agres litl bit soft hate futur love just gameplay,1
UgzRerdrN2D2wUE0JJp4AaABAg,do drink milk stay healthi doe,1
UgyEB1mo08zXK82BFNZ4AaABAg,let honest when first came out rewind had it fair share problem critic cant lie compar other after this technicali last god youtub rewind,1
Ugz3xBvwls78Sd_zjqZ4AaABAg,hey mat love song socan find spotifi want playlist like now,1
Ugzbib658yXt__M-2g94AaABAg,ive literali ben listen year get beter everi time,1
UgwxDUM3DlAVN9exOjF4AaABAg,those day where god anyon els here after watch mr beast youtub rewind if not watch go watch now,1
Ugx_4e79MMnbtkMjfnZ4AaABAg,not know gigi her wife had babi not ben watch her video while congrat gigi nate god luck,1
Ugw2KJsg6iAGFZEY3iV4AaABAg,one best music video have heard mat not pay atent al crazi one dislik video kep do what you,1
UghbqxKdFYabmngCoAEC,watch movi last night found hilari who care about sex heroism when movi act superb may some moron might care who care about moron anyway,1
