,preproc,rating
0,stretch past  minut mark for ad revenu se,0
1,big time scam,0
2,id recycl his face,0
3,god dang are a twat,0
4,whi not give it away to one of  fan that recogn you,0
5,im trash but your trash and stupid im unsubscrib,0
6,are crazi man k,0
7,physicali hate,0
8,first video se of and alreadi fake god job,0
9,that so mese up,0
10,fuckin hate rich peopl,0
11,it a scam,0
12,stupid moron  buck bo,0
13,honesti think he put fake one in,0
14,that coment by portman was reali stupid,0
15,femin a fuck joke liber shit went overboard,0
16,just like blm movement when they bitch about no black pl be nomin give it a few month none wil care,0
17,can they just fire guy alreadi he suck,0
18,it me or doe he get wors everi night,0
19,coment so funi laugh,1
20,pleas dislik video thank you,0
21,fire niga hire chris smove smh,0
22,gros,0
23,im hela late but god job mat,1
24,definit not deserv dislik on that level,1
25,made me cring out of my skin,0
26,to be honest first guy was actuali decent but mat and other guy are just a bit cringey,0
27,mathew lok great,1
28,sound like a distrack to literali everi singl view hungri youtub in exist and love it with a pasion,1
29,love it,1
30,dope song,1
31,reali man thought were col but now your be like everyon els,0
32,first rap ive heard with real and meaning lyric,1
33,mat se what your do and new direct col but mayb should start up a side chanel for your music and stuf,0
34,what go on santoro your chanel done what to expect from you fel beter man,0
35,so much hate music video got,1
36,pleas not tri to rap with those hors teth ever againwait not some girl beat up,0
37,damn like straight up damn,1
38,laugh self absorb person literali have no clue so mani of your fan say how love and authent use to be,0
39,im not a big fan of kemstar but shit,0
40,are gona be such an amaz mom,1
41,congrat gigi can make a video of babi enzo closet wish where my mom love,1
42,are reason for homofob not want gay to have children,0
43,what a truli ugli person,0
44,shes die for atent and view,0
45,nat literali tri to hold back her laugh,0
46,not get it,0
47,group babi stupidest thing ive ever heard,0
48,watch in  amaz video and reali nede and brave for a youtub,1
49,fuck of,0
50,laugh,1
51,downward spiral,0
52,how much did she pay to make video,0
53,moron,0
54,your choic sad,0
55,guy such an idiot video did not age wel at al lol,0
56,she know what shes do blaugh,0
57,propaganda,0
58,shut fuck up,0
59,no no no apogis not acept,0
60,ashol,0
61,worst youtub in world,0
62,loganapolog meus bleach to remov eye,0
63,yeah your apolog not do shit,0
64,by way his act was god laugh,0
65,not forgiv,0
66,love how there more dislik then like,1
67,suck,0
68,know what forgiv you just not do that again,1
69,not forgiv him hes disgust for think a joke btw he just did to not be cancel,0
70,he read a script,0
71,we forgiv you,1
72,totali a fake apolog he just care about sub and money he not care about his mistak,0
73,hey fuck,0
74,nob,0
75,go go be a sick campaign,1
76,batl in spacewow col,1
77,laugh they knew gameplay was shiti so they end it with some hapi cod stuf,0
78,be in militari ruin some of dialogu,0
79,like,1
80,not buy one,0
81,everybodi sick of futurist stuf but they stil end up buy it anyway,0
82,lok bad,0
83,like game,1
84,bad not god not god,0
85,know we not want futurist cod but if titl not cod and not know it was a cod game peopl would be like damn sick,1
86,im glad they ade anim like jaiden and theodonesout,1
87,are we gona ignor fact that alex and guava were like togeth,0
88,was wait for theodsout to come into it,1
89, was amaz,1
90,anthoni throwin shade at paul laugh,1
91,youtub a die websit,0
92,sinc when doe tri guy count as youtub,0
93,pewd not in it it deserv no hype at al,0
94,on trend in australia,1
95,best part was end,0
96,now los wil tri,1
97,oh wow have dremel,1
98,whi do lie to al these peopl,0
99,ok nice math but it not a circl,0
100,dick,0
101,col,1
102,one of worst movi ive watch it fre on internet but im not gona wast my time on shit laugh,0
103,and they thought women are beter than men laugh,0
104,racist bigot nazist rape islamofob hitlerpatriarchi,0
105,total scrap bulshit storycomplet time wast,0
106,smart intelig,1
107,yeah right whos gona watch dogshit,0
108,have beter thing to do with my time,0
109,ghost buster remak have not learn a thing pas just simpli becaus,0
110,yes quen,1
111,hope arin can get to b son wish guy god luck god,1
112,arianaint no tear left to cri me dure onlin clas im tear left to cri sad,0
113,best video of  and    so far and so on,1
114,cher write omg ariana,1
115,,1
116,so no one gona talk about that fli thingi at end my gue that dog flew laugh anyway song crazi god bro am obses love love,1
117,cmon yal let view video  time a day it shal be our routin til it hit a bilion view,1
118,arian goin to be first woman son to make her  song reach  bilion view smile,1
119,not like it love it,1
120,woman wonder,1
121,god,1
122,alway get gosebump when watch video and it almost make me cri it so god it make me fel emot,1
123,beauti song,1
124,let get to b view,1
125,not like ariana grandad,0
126,fine song,1
127,so bueti,1
128,poetri,1
129,preti col,1
130,how come just found song beauti,1
131,sure it edgi but that a bad thing think track has a wonder vibe solid stori and clear mean what more do want,1
132,how am just now find gem,1
133,his best song on reviv besid chloresept remix with chainz,1
134,gota love how song end practicali foreshadow second most popular song on kamikaz album,1
135,love marshal mather love,1
136,my two favourit artist,1
137,fuck love song it crazi it alreadi ben a year sinc releas,1
138,peopl who dislik got tear and forgot where like buton was sad sad,1
139,can relat would have to say anyon can stan laugh,1
140,king,1
141,everybodi or a few said song suck or it not that god like it,1
142,love song so much,1
143,gosebump,1
144,love fact it a sad song but then he taunt us at end so eminem,1
145,gator was so hapi,1
146,that last second was hilari laugh,1
147,some unknown power make me watch god shit,1
148,god boi,1
149,aw hes so cute and such a god boy,1
150,it lok hapi,1
151,that was so scari rght,0
152,mei love crocodil now,1
153,watch to fel emot onc a month,1
154,cri sad,1
155,how mani time have watch it,0
156,whi am here again,0
157,fun fact stil have a litl hope that theyl eventuali get back togeth,1
158,guy stop watch video,0
159, year later and it now at  milion view nice,1
160,laugh,1
161,his hair beauti,1
162,dave are so col and inspir me so much,1
163,song would have ben beter if said ruber duck i love it though also if understand know what im talk about henri danger ep,1
164,sube right now,1
165,jame best,1
166, tht expres laugh god,1
167,love music video and somg,1
168,one of most beauti of ,1
169,stil cring,0
170,most like rewind ever,1
171,video disrespect smash mouth thumb down,0
172,one so far my favorit one laugh,1
173, like that slap,1
174,has to be wors than  rewind in my opinion,0
175,ayo was a banger to bad there aint no pewdiepi or mrbeast laugh,1
176,yeah def like a milion time beter than  rewind,1
177,mrbeast rewind youtub rewind,0
178,last god one made by youtub,1
179,they are not vibin pathet,0
180,hand down  has to be best year,1
181,reali excit,1
182,cant wait to hopefuli work there someday,1
183,spacex beter,0
184,when can move to mar sign me up,1
185,thank you,1
186,put youtub rewind to shame,1
187,cant stop watch it over and over again impres epic,1
188,glad to se this thank,1
189,they not hate em they just envi him,1
190,where are my  peopl at,1
191,beauti,1
192,love song,1
193,constant hi tempo god,1
194,love dodg,1
195,eminem best raper ever,1
196,not know whi song not get such high rate for me deserv to be on top,1
197,with respect from ukrain truth word,1
198,whenev click ani song of eminem it then take me hour to click ani other video legend understand,1
199,love love this song kilin it eminem,1
200,thank man,1
201,from philipin with love,1
202,eminem awesom smile bad is al got to say to hater,1
203,love to eminem,1
204,omg give me chil im sori but can never say star war beter then marvel there no competit,1
205,movi was x beter than endgam becaus not know what to expect and how it gona end,1
206,wish can go back to when trailer was releas so can fel hype again,1
207, gue what it stil give us gosebump,1
208,who al here after watch master and kgf  laugh smile,1
209,best movi ever,1
210,movi wil becom a nostalg critic in futur,1
211,rememb how hype was,1
212,movi was beter than endgam,1
213,kgf on way break your record,0
214,kgf  come wait for it,1
215,no  trailer,1
216,timel masterpiec to be archiv,1
217,ind was pleasant surpris,1
218,dang that rap was actuali great,1
219,he like youtub moral compa that also unfilt,1
220,how fuck retard are peopl wtf,0
221,lokey that was fire,1
222,love that shirt say shep nice,1
223,not care about simp drama video stil gold,1
224,bro just came to check out for nostalgia sake and realis  year aniversari of content cop lok at that,1
225,now how teach teacher,1
226,best ever,1
227,thank for vid now can take my ap test,1
228,whi do we have schol,1
229,whi are we stil here just to sufer,0
230,come back here onc a month to watch,1
231, peopl were in right,1
232,was last god one to be honest,1
233,mis  sad,1
234,by far best youtub rewind,1
235,not bad,1
236,best rewind for me,1
237,dan howel in a vest best thing ive ever sen,1
238,agin where kpop,0
239,mise,1
240,when rewind were god,1
241,at least one god,1
242,mr beast rewind stil beter than one,0
243,best rewind,1
244,just sad,0
245,like video,1
246,that beter than rewind ,1
247,best rewind ever,1
248,gold,1
249,ah god old day,1
250,was first rewind ever saw man mis  sad,1
251,best youtub rewind ever,1
252,se how do thing right,1
253,freak hilari love it god,1
254,love hari poter shirt,1
255,she made  dolar from video damn girl wish could do that,1
256,who els watch liza in  dure quarantin becaus mis old video,1
257,shes so preti smile smile,1
258,report becaus said a bad word laugh,0
259,not believ he was onli seventen,1
260,alcohol cant freze dumba,0
261,selena so preti smile,1
262,best video,1
263,she so down to earth,1
264,she cant sing,0
265,like her finger,1
266,jame an amaz singer just to god,1
267,shes so real tho shes not extra or anyth and can se it on her cloth xd what would wear on a tuesday,1
268,your show be set,1
269,she such a vibe,1
270,best video ever,1
271,laugh like song,1
272,gez laugh whole video love selena wish cud met u,1
273,she sem so awesom love it d,1
274,audienc sound so fake,0
275,selena so preti by way am a girl,1
276,omg start clape unconsci,1
277,jame reali cute tho love,1
278,shes so beauti and amaz love selena gomez your best,1
279,my favourit introwhat up bros my name pewdiepi,1
280,like this congratul,1
281,col video,1
282,man legit,1
283,and col,1
284,got my paper play buton yay ar at ,1
285,fuck,0
286,subscrib me ,1
287,god,1
288,but at least a thank you sad im hapi for but might mark yourself to respond or put heart to coment love,0
289,give me chil everi time,1
290,here in  stil as beauti as first time watch it,1
291,cant wait,1
292,was best youtub ad ever,1
293,best trailer in unirvers,1
294,there wil never be anoth game like and it honest saden me,1
295,who also come back to get gosebump from this,1
296, oh reali like scene,1
297, year later and stil lok awesom,1
298,best trailer ever made even after almost  year,1
299,was releas on my birthday best birthday present ever,1
300,kep come back just love it so much,1
301,am almost certain that song make everi trailer beter,1
302,if onli game was made for next gen consol man it would have ben best loke game ever,1
303,god stil amaz,1
304,everyth about game so god in my opinion stil play after  year,1
305,what a masterpiec,1
306,best reveal trailer ever saw,1
307,legendari song for legendari game,1
308,pres f for batlefield,0
309,crazi how  year old game lok beter than most game of nowaday,1
310,batlefield  last god batlefield game befor franchis die as a long time bf fan break my heart how did it end like this,1
311,im not sure il ever be as excit for a game as this trailer blew my mind when it came out and stil doe today,1
312,what a master piec,1
313,best music,1
314,best trailer in game histori thank ea dice we ned a new batlefield to destroy those fps game out there,1
315,one of best game ive ever play in generat,1
316,best of best,1
317,best game ever,1
318,best modren game trailer ever,1
319,was one of og like rolex,1
320,trailer gave me chil ea can do right,1
321,who came here for relief,1
322,no substitut of song,1
323,let se how mani legend are watch in februari ,1
324,like,1
325,smile god,1
326,like,1
327,earphon plus ful volum legend smile,1
328,god surpris,1
329,want when enter my clasrom,1
330,,1
331,veri top bro,1
332,bra idol like song bra,1
333,laugh  god music,1
334,subscrib to your chanl,1
335,are my favorit youtub eva,1
336,are so funi,1
337,wow she so famus,1
338, anyon like for,1
339,yay it at  milion like,1
340, love  mil,1
341,col,1
342,he lok like goni hey guy,0
343,,0
344,ridicul,0
345,fake asf fake reaction,0
346,york parent a racist so yo get what deserv,0
347,it was iron bad,0
348,what peopl fel sori for world trash,0
349,his mom racist as fok she cant even lie,0
350,orang man bad nice job fake news network d,0
351,clinton news network back at it again with fake news,0
352,laugh a stretch cn,0
353,just do quick research on web and youl se how fake cn,0
354,wish donald trump was fake,0
355,sigh it like their tri to prove that theyr fake,0
356,cn kil yourselv,0
357,republican are worthl cocksuck ruin america,0
358,imagin have to pay for steam,0
359,whoever like this fuck you,0
360,wow gredi polit win again,0
361,fucker,0
362,godby internet,0
363, unelect peopl chose futur of internet that  of peopl not want,0
364,wow trump fuck up america again jesus christ,0
365,what america is lete a few peopl vote for someth instead of lete america democraticali vote for it,0
366,fuck shit fuck,0
367,fuck you,0
368,fuck ajit pat fuck brendan car and fuck michel ori not how a democraci work,0
369,man some bs,0
370,my ear hurt,0
371,omg sound as if someon just put a distort efect on her,0
372,laugh horibl,0
373,they ruin star spangl baner,0
374,wtf was direct from whitney anthem horifi,0
375,what kind of shit this mariah pleas teach fergi how to sing,0
376,swear just saw selena gomez coment she cant sing,0
377,fergi let play some basketb me let play some auto tune,0
378,just as cringey as i play pokémon go everyday song,0
379,it was so funi had to like it laugh,1
380,threw up,0
381,omg bet draymon sing beter than her,0
382,what actual fuck did just watch,0
383,that so bad it hurt,0
384,she hwing disrespect to flag,0
385,everi time time listen think what fuck mosli becaus she think it god,0
386,ned to clean my ear now laugh,0
387,bitch on meth,0
388,certain losen crowd up with laughter,0
389,she cant sing,0
390,ariana grand at  year old sound beter,0
391,gald your out of ofic,0
392,what a tol,0
393,whi am revisit sht,0
394,not like fc becaus of video,0
395,who hel like,0
396,love ajit pai,1
397,so ridicul and cringey,0
398,fucker tring to hard to be funi,0
399,stop pretend to be human ajit,0
400,like are corupt politician,0
401,a shit pie worst pile of shit and he has a face no one can love,0
402,that martina bitch was one of main peopl who help push pizag conspiraci,0
403,whi fuck did peopl like video have they no saniti,0
404,thank base pai,1
405,prof that alien have invad earth also fuck you we ned god internet it shit,0
406,if video were age restrict there not be ani like,0
407,im sori but got anual fcked,0
408,k dislik make it milion alreadi,0
409, fuck execut just admit that your a bitch,0
410,guy such a fuck joke like how he claim his video are,0
411,say idubz dis track was bad when your sound like a gose gete ran over by a semi truck,0
412,pusi,0
413,your am ashol,0
414,delet yourself,0
415,when not have anyth to say so say your head big,0
416,al know how to do flex with money and talk a big game cant play that game though,0
417,asian jake paul by idubz tv god this bad,0
418,whi has god abandon us,0
419,eat shit,0
420,god job with dislik,0
421,just stop pleas a nerdi white boy beat by milion,0
422,was garbag,0
423,omg just stop your not talent,0
424,ethan a fuck snake,0
425,so stupid,0
426,make me disapoint,0
427,not expect from,0
428,rip my niga hh chanel go to shit,0
429,your such a fuck tol lmfao,0
430,he a idiot,0
431,it fel like hes talk for  minut and not make ani fkng senc,0
432, omg that such bulshit,0
433, al of my brain cel are dead now,0
434,my iq drope,0
435,roki po bad,0
436,are cring,0
437,your a loser,0
438,asian boi lie,0
439,love like to dislik ratio,0
440,would tel ricegum to donat to chariti if he could understand word over  leter,0
441,deserv anoth one,0
442,pathet,0
443,not expr how much stil want to vomit to video,0
444,your a brain dead moron,0
445,he say hes not flex but hes wear a guci shirt,0
446,most dislik,0
447,whi everyon hate on movi it not to bad,1
448,creat a new acount just so can pres dislik buton one more timeand it felt god,0
449,im go to get a lot of hate for but personali like movi,1
450,pathet wast of shit,0
451,whi their so mani dislik my fav movi,1
452,absolut shit show,0
453,watch gave me corona,0
454,shit suck,0
455,whi do peopl hate,1
456,was releas it at that point even a plausibl idea,0
457,peopl who think movi shit,0
458,came to se if my dislik was stil here,0
459,who came here after sadak  to se dislik of trailer laugh smile,0
460,so when cros stream creat an altern realiti that suck,0
461,to be honest like beter than origin hate origin,1
462,not understand how has so mani dislik,1
463,not know whi it funi laugh,1
464,so bad,0
465,wow  milion dislik internet did someth god,0
466,trixi and katya save video,1
467, best part of video,1
468,your tele me fortnit instead minecraft those dislik are deserv,0
469,it god wdym guy mean it bad,0
470, what heck,0
471,in my opinion onli god thing about kpop laugh,0
472,metal gear die,0
473,a nightmar,0
474,metal gear rise metal gear surviv,0
475,refund,0
476,honesli like it,1
477,have fele il not like game il safe my money complet ruin metal gear solid saga,0
478,like it,1
479,konami kile metal gear,0
480,it lok like metal gear franchis wil becom wors like sonic hedgehog fuckonami sliperi litl bastard,0
481,no just no,0
482,no just no,0
483,lok so damn col guy with shotgun like bom chk chk smile,1
484,love metal gear as a stealth shote game konami gona ruin beauti of stealth gameplay,0
485,omfg a new metal geari want it now now,1
486,veri nice,1
487,ned more dislik,0
488,metal gear surviv more like metal gear dead,0
489,oh fuck,0
490,dislik squad where at,0
491,prank invas trash,0
492,kiler gnomestar let get right into cansur,0
493,whi am stil gete hate,0
494,your trash,0
495,search vid just to dislik it,0
496,not understand whi dickhead stil on youtub,0
497,whi do do youtub piec of fuck shit everi one hate dumba,0
498,pleas take guy to hospit he older than my grandfath and just play hide and sek with children,0
499,thank for a  second intro that anoy and basic af thank for wast  second of my life in everi video onli drama alert can provid,0
500,watch fol like contract a diseas,0
501,fuck chanel sad,0
502,let shot to k dislik,0
503,kemstar a fuck hypocrit kemstar get news wrong al time yet he fuck acus scarc of gete a news stori wrong no wonder peopl not like guy,0
504,wil enabl adblock but onli to your chanel,0
505,hate kemstar,0
506,wors than in infinit warfar laugh laugh god,0
507,it fuck fake dumb fuck listen to scarc,0
508,omg your so big right now kemstar ben here sinc mil,1
509,holi shit dislik on sad excus of a video,0
510,holi fuck come back to are how mani more dislik bid had and it tripl sinc last dislik last time ratio to likesdislik was kk,0
511,rose are red violet are blue guy said leafi was subot none of it was true,0
512,never have anyth to back up what say reali not know whi your gete hate,0
513,whi al hate what doe guy wrong most dislik come from kid that are fuckin  or  who never watch a video of him but just tryin to lok col,1
514,laugh your fuck stupid,0
515,some bulshit,0
516,bulshit leafi not do that,0
517,there not enough dislik,0
518,fck you,0
519,hate kemstar,0
520,if your a ken star fan know im onli gona tel truth yeah sure ken star your definet totali truth,0
521,your a gnome,0
522,fuck kemstar,0
523,not have to be a leafi fan to know your a liar laugh,0
524,laugh dislik god to know other peopl think kemstar a usel twat who deserv to be homel,0
525,never tel truth,0
526,kemstar gay,0
527,more peopl ned to unsub pleas,0
528,stfu are a fuck liar,0
529,to be honest bulshit and stil love my leafi,0
530,what your excus now shitstar,0
531,so fake,0
532,so whi your youtub chanel not taken down,0
533,ya know your a stupid piec of shit,0
534,fcking racist,0
535,cring so high,0
536,omg fuck god guy so fuck cring worthi,0
537,fuckin racist,0
538,ksi has beter content than,0
539,fuck hate guy ksi beter than,0
540,from one black man to anoth wtf and onc again have more dislik than like racist niga,0
541,ali laugh wtf trash,0
542,dis dude ned to stop he not entertain it bad,0
543,he should be bane from youtub,0
544,rucka rucka my niga,1
545,gay,0
546,funi how your fanbas just ten year old take advantag of social media,0
547,were go to get bane on tube,0
548,that not entertatm that just strat up rasist,0
549,how about just ignor kem,0
550,cmon guy let al unsubscrib,0
551,chanel curs,0
552,chang your damn about tab your now,0
553,if kem here fuck him and his fan as would say fuck fan,0
554,what doe be second fel like hear it shit,0
555,sit back relax grab popcorn and watch drama alert sub count go down,0
556,aw where ugli thing aka kim,0
557,wow within  second alreadi like his new guy hes not say let get roit into news love new guy,1
558,what a sad joke kemo,0
559,laugh youtub guy are your destruct,0
560,whi doe he alway move his bodi at start it cringi as,0
561,everyon unsubscrib from kep,0
562,now your number two laugh,0
563,wil alway just be how doe that fel,0
564,chang your bio to sourc of news on internet,0
565,just drope by to say fuck,0
566,neck yourself kem fuck fuckwit do even have a life,0
567,laugh bitch your no now sack of shit,0
568,racist litl bitch,0
569,leafi kile you,0
570,fuck hater kem a god,1
571,guy make a live of of news report about youtub drama piec of shit,0
572,fuck pig,0
573,what a dush bag,0
574,how did ever get famous,0
575,fuck you,0
576,no one like,0
577,that so rude think should end your chanel,0
578,wow my coment got delet yay,0
579,here lie kemstar carer,0
580,,0
581,made a  year old man cri for fake pedophil aleg,0
582,preti sad to think that  milion peopl actuali subscrib to cancer of youtub,0
583,what it like be such hypocrit  year old prick,0
584,fuck dude,0
585,sube so can fel joy of unsub,0
586,whi doe chanel stil exist,0
587,what hapen to dramalert be unbias also kuck femstar,0
588,,0
589,cant wait to report your chanel death ha ha,0
590,youtub whi are lete cyberbuli make video that has no god content it wors then a  year old let play on minecraft,0
591,whi that guitar onli got  string tho,0
592,song save my life was in coma and my mom play this woke up just to turn it of,1
593,fel bad for al girl that simp for man back in day,0
594,cant believ there are actuali pl that listen to this laugh,0
595,reali god stuf,1
596,whi doe everyon hate him,1
597,hold up he has  milion dislik on song but whi it so god peopl stop hate on him it so catchi,1
598,wana strangl him,0
599,clasic,1
600,prefer over dixi damelio one whole dayand song was writen by a child,1
601,it lyricali beter than anyth by dixi,1
602,was adict to song befor when was like  or  but ye like one,1
603,whi he be lokin like dobi from hari poter and guy from hobit though,0
604,yal tripe aint that bad,1
605,can someon explain how get a halfway decent roten tomato rate,0
606,stupid feminist crap,0
607,shes so fat,0
608,trailer and movi are so god whi did it get more dislik than it did like,1
609,ghostbust  deserv to flop and rick morani was smart enough to say no to film,0
610,it bad love movi,1
611,it was a decent movi,1
612,movi suck melisa a fat cow,0
613,what next a lame remak of anim hous stare rosi odonel and rosan,0
614,love movi,1
615,how supris movi was teribl,0
616,fak,0
617,shit film,0
618,have sen movi love it,1
619,watch it for min at edward in oc got a refund pos film,0
620,garbag,0
621,whi did peopl hate love play game,1
622,game beter than peopl give it credit for,1
623,game stil trash not care,0
624,bad angri,0
625,bad sad,0
626,like that it get more dislik than like,0
627,honest game not deserv hate it got,1
628,advanc and infinit warfar were trash imo,0
629,like futurist cal of duti gue that just me,1
630,it fact that can fli that reali put me of,0
631,honest it stil beter than mw,1
632,whi so mani dislik love game,1
633,personali like cod,1
634,futurist cod done right,1
635,there was noth wrong with game what with dislik,1
636,women arent funi,0
637, year later game not bad at al if game came out today im sure it not have reciev hate it reciev,1
638,clown,0
639,this video a joke,0
640,not wori we not roast your parent alreadi did that,0
641,im a male and im al for equal right but if are for equal right quit tri to make men fel bad and make women superior gender these ladi are just sad excus for feminist,0
642,know for a fact al of these women have never talk to a guy in their life,0
643,that probabl stupidest nonsens ive sen on yt so far and platform ful of stupid nonsens,0
644,im probabl funier than you that a preti funi joke,1
645,these women are anoy and video suck,0
646,video so sexist they are compar one guy to everi guy in world,0
647,how doe it fel to be so hate,0
648,onli stupid part of video whole video part,0
649,welcom to asumpt town,0
650,just go to general half popul there,0
651,ive never ben more shock in my entir than rn to find video not have coment turn of,0
652,report piec of video for hatespech,0
653,everyon kep unsub guy an as,0
654, dumbest,0
655,so chang world give money,0
656,im so mad that most popular video on there chanel,0
657,to bad back down to m laugh,0
658,love song everyon say reviv suck but yet it went platinum so it not of suck as bad as everyon say,1
659,video sem so stage wast  minut of my life,0
660,coment file with pathet kem fan cale leafi fan pathet that pathet jus jeli fuck your jealous becaus he actuali make god content,0
661,normi control rewind,0
662,think they ruin kpop for me,0
663,my fav artist ,1
664,quiet litl rice boy onli came hear to se like dis like ratio,0
665,whi doe even has like whi whi,0
666,fuck,0
667,ive had bad internet for most of my life so not afect me that much but if have to pay just to get on steam or originthen il have a problem,0
668,how can anyon listen to pos racist prick,0
669,a master piec,1
670,hey that preti god,1
671,nice song,1
672,dislik,0
673,just chime in to say ajit stil a fuck piec of garbag,0
674,amaz,1
675,what a garbag movi,0
676,what fuck that stupid intro tho,0
677,it stil goe to congr right,0
678,forgot about movi,0
679,rise are colest person in world so chil,1
680,stil hurt,0
681,shes mentali sound laugh yike,0
682,fuck suck,0
683,kid so racist omg what how whi omg,0
684,she lie,0
685,god,1
686,so jame gay,0
687,poli song,1
688,thank for mucic awesom not leasn to peopl like that have wach for six year,1
689,mgs to lot msg,1
690,cring,0
691,yar im captain now,1
692,can count on one hand number of rap song own own song,1
693,piec of shit,0
694,guy an idiot becaus he report for dramalert despit fact that he inform on everyth that go on hes just in it for money,0
695,,0
696,let se how much peopl watch after gete corona vacin,0
697,bitch should be on a cring compil,0
698,bashur for life,1
699,dear deipei pleas suport guy,1
700,love se your sub count on old video becaus that highest it wil ever reach,1
701,god old day,1
702,brush he be lie to god that aw,0
703,your best,1
704,sharp voic when idubz say you fuck moron terifi and satisfi at same time,0
705,colab never knew nede laugh god,1
706,now qualiti content even tho not that histor acur,1
707,that was fuck trash my g,0
708,know youv made best trailer ever when  year later it make just as excit to get back into game than on day one,1
709,pleas invit blackpink,1
710,love how shes one of those celeb that not get plastic surgeri even though she make joke about her bob or lack of x,1
711,trump voter have fail america histori wil not be kind to you,0
712,it not surviv,0
713,horibl rendit it so awkward to listen sori fergi was embaras could have done much beter than sing way bad,0
714,shes a reali amaz human be ,1
715,apreci how understand so much more of video after a few year,1
716,supli box laugh,1
717, lone m mr lone got nobodi,0
718,guy we could make a religion out of this,1
719,it go to be a fun year ahead with iw and modern warfar remast,1
720,how confus,0
721,no shane,0
722,hope lose your chanel and go homel fuck bitch,0
723,as a show of respect to kojima nobodi should buy game,0
724, just to start video,0
725,where my  dolar when kid at my schol cale me fat and ugli,0
726,onli way cn get view alow themselv to be mock,0
727,anyon els got age restrict,0
728,damn love song,1
729,literali everi coment a gay idubz fan,0
730,never come back kem,0
731,disgust youv betray franchis,0
732,best cod in year,1
733,cant wait until top news report that hes quit youtub,0
734,we ned to get video trend in dislik,0
735,onli clickbait thing about ricegum chalang prize and his life,0
736,cant rhyme with with with,0
737,no ryan higa or jena marbl,0
738,shut up racist just becaus your face lok like a gay fish,0
739,damn trey,0
740,wish had subscrib to have satisfact of unsubscrib,0
741,yal easili sit around and talk about bob for hour promis a convers about bob wil last  second top,0
742,rackaracka make much beter video than you just to be honest,0
743,mean love love liza am take note,1
744,what clown schol did guy go to,0
745,dudeif what heard trueyou fuck suck quit youtub now,0
746,so glad ashol gone now,0
747,lock her up,0
748,sub bote freak fake,0
749,sadest breakup ever,1
750,funi and entertain d where ocean  alreadi,1
751,im here after maya rudolph nation anthem smile,1
752,absolut love it,1
753,god like if listen to everi day voic beauti  love love,1
754,if ever fel stupid rememb there are peopl dislik song,0
755,love rucka so damn much,1
756,fire emblem awaken and a half smile,1
757,no rap just want unknown fact,0
758,stil give gosebump,1
759,whi dislik,1
760,your so racist,0
761,trailer hype,1
762,so cancer star what point of cale out scarc and leafi your just tri to get popular again but hey whi do not respond to alex a stupid n video huh,0
763,they dise in em for reviv and now we got  crazi album yal reali shouldv just left him alon laugh,0
764,let go m like,1
765,leafi suck,0
766,video so beauti,1
767,not have to screm everi time bro,0
768, my favourit part im literali wheze laugh,1
769,lok like a parodi video but nope our govern,1
770,finali phil in,1
771,love,1
772,thank god these two repuls idiot not have ani children ive never sen such obvious narcisist in my life glad to se gigi chanel die she has grown into an aw person and shes so unlik her be tran onli thing she has go for her,0
773,who watch in  laugh,1
774,cring,0
775,bf stil aliv in ,1
776,out real life falout right here,1
777,laugh,1
778,fele legendari song smile,1
779,im so glad real truth came out about him his,1
780,wow bare realiz she was by my hous she was in sfv,1
781,pewdiepi told us was clickbait,0
782,most trust news in nation yeah,0
783,mgs phantom pain has also microtransact with virtual coin to buy next base but nobodi hate,0
784,teacher are leson histori of w girl no it so bore ew me and boi,1
785,laughh stupid as wtf was with thr knife fing idiot,0
786,whi video stil here just to sufer everynight dislik ratio becom biger and biger guy we lost seri we love not stop hurt it like they want to kil seri fel it to not you im gona make em give back our past,1
787,not tel other to have same opinion as you are say that we ned to vote for her that not democraci fuck you,0
788,isnot godsori,0
789,wel  go to be a great elect year,0
790,like al bulshit asid reali one fuck garbag video,0
791,are stupid,0
792,just lost respect for you disapoint,0
793,love how has more dislik than like,0
794,bruh eminem has goten wors over these year im just be honest,0
795,shes so gorgeous,1
796,iconicbeauti love,1
797,trump voter are reason douch chairman of fc thank retard,0
798,eminem best raper love,1
799, stil a banger,1
800,reviv my favorit album of his hand down,1
801,pleas remov video video gave me aid in my ear,0
802,rasict,0
803,stupid,0
804,your noe lok like a tacobel sign your ugli and have no friend,0
805,who gona cal me not these shiti ghostbust for sure want old one,0
806,not care they femal have watch movi it was great n funi star,1
807,kile your own compani by take away soul of metal gear franchis congratul in word of our lord and savior videogamedunkey metal gear surviv mas efect andromeda ʖ,0
808,guy talk a difer level of shit get other guy bk man,0
809,have friend who regret vote for him have yet to forgiv them,0
810,who els watch in  on repeat,1
811,love mathew like this,1
812,they are bo pres idiot cn just like in campaign of trump hypocrit are evil,0
813,pleas stop make music,0
814,suck,0
815,after watch my dog gave a huge sigh of disapoint,0
816,that bitch on meth,0
817,yo cn not like trump veri much but hes right your fake you fox and mani other are manipul bastard that send out fake news know becaus your not relev anymor,0
818,aw selena lok so hapi,1
819,loser,0
820,onli true cod fan wil hate game,0
821,trailer stil probabl my favorit one out of al of mcu,1
822,hate film,0
823,unsubscrib now,0
824,metal gear surviv more like metal gear tri to surviv,0
825,amaz song beter than jake paul laugh,1
826,metal gear surviv more like metal gear tri to surviv,0
827,your my favoret yutob,1
828,god video so low iq,0
829,your dog us ugli asf jus like,0
830,even in  milion stil love it,1
831,it inevit no mater how old video get wel al be back here,1
832,dis song shithi,0
833,one of bigest dumb ase on youtub,0
834,went to watch previous movi of seri movi an insult,0
835,im go flag,0
836,best rewind ever mis,1
837,best batlefield game,1
838,rice gum just triger,0
839,beter than  and  at least not have as much dislik,1
840,stupid,0
841,idubz alreadi expos your fat bald as stop make these shiti video and end it,0
842,should be a meme,0
843,as much as im not a fan of rice gum think that dis track was extrem god god job rice gum impres someon with litl sub,1
844,what a piec of shit such an unlik face,0
845,was trash inb some kid say im onli dislik it becaus of kemstar im not actuali hate video,0
846,everybodi gangster until croc start spine,1
847,am alreadi confus within first  second kept watch and fel smarter than albert einstein laugh,1
848,had to take a kne dure perform,1
849,amaz,1
850,idiot wear a watch in bath,0
851,honest in my opinion most wel thought out video ive watch,1
852,there no excus yeah for your hipocrisi,0
853,humbl poet ruin whole song,0
854,came back just to lok at dislik,0
855,a piec of shit,0
856,not a bad gameit enjoyablei not understand whi peopl hate it,1
857,after  year il back to play bf ,1
858,just saw ocean  wow great movi love sandra bulock,1
859,wow so stupid and it obvious that youtub chanel onli made for view and click,0
860,worst game ive ever sen,0
861,talk to much,0
862,greatest trailer after kgf chapter  now,1
863,love ariana,1
864,omg laugh so aw,0
865,al kemstar know how to do slander becaus hes lose subscrib,0
866,trailer worth everi watch,1
867,probabl most hate person on youtub,1
868,am onli one who like it yeah okay,1
869,dislik garbag,0
870,whi do fel that secretari wil be star of show,0
871,who are vote for year fucken joe biden who cant make a complet sentenc without mese up,0
872,mis these video so much,1
873,nd greatest now histori rewriten by kgf god,1
874,whi so power,1
875,til day give me literali chil,1
876,so shit,0
877,think she drunk,0
878,that was col,1
879,a comedi with al femal hm that not ad up,0
880,man a fol,0
881,homework one though it so true,1
882,ive just watch it morn it reali god ,1
883,truli best game ever,1
884,wel done nasa kep great job,1
885,garbag,0
886,hey kem gue what your numba  now fucka,0
887,like anyon care what he thought,0
888,chanel stil has mani sub whi are peopl stil sube to cancer,0
889,stop war start explor,1
890,she sound so god here it like her voic totali match,1
891,just finish watch this hm that was a bit bore duno felt like knew end of movi from start,0
892,where kojima bad game,0
893,we love ashit piec of pie,0
894,just want someon to lok at me way jame lok at dave,1
895,oh god almost  whole year and stil get back here experienc same break up and kinda ned a valid of my reason so here am laugh,1
896, peopl who say she do high note se thish definit kile that love smile,1
897,ned a friend like taylor and selena theyr literali besti forev smile,1
898,god edit hurt to watch,0
899,danial kem are an idiot,0
900,like pute  in a stupid machin,0
901,whi no one like him,0
902,dayum not have touch meh boi leafi x,0
903,most of question were stupid tho,0
904,that not ksi gay,0
905,swear drama alert make youtub horibl,0
906,,1
907,awh how awesom im just wonder where ryan higa is,1
908,are fuck trash are literali bege for redempt becaus got cale out for what did wrong stop waist my oxygen,0
909,whi fuck are peopl subscrib to shiti as fuck chanel,0
910,im stil mad gas not lok like that even on ultra sete,0
911,idubz dis track was beter than your and are one who say that was bad whi are hate know it pointl,0
912,song deserv to go number one and for a long time,1
913,game legit awesom,1
914,it sound like a semi truck just slape her vocal everi  second,0
915,oh god my ear are blede,0
916,schol shoter woah way to far ricegum that kile,0
917,wtf bs and your stupid for give up your new iphon x whi not just sel fake one craz idiot,0
918,earth flat,0
919,whi cancel releas,0
920,litr mis her vid,1
921,whenev se trailer onli one thing had gosebump love,1
922, hes lost over k sub laugh,0
923,last god rewind rip youtub rewind ,1
924,got a tast of music if listen to,1
925,fuckin luv song so much,1
926,at least kem gone,0
927,onlin clas would be beter if there video like on everi subject,1
928,im not a fan of ksi but got problem rucka,0
929,what supos to be,0
930,video definit of icon,1
931,not even know whi do watch hole video just came to put a huge dislik v,0
932,let get to  mil dislik yal,0
933,fuck chanel like if agr,0
934,wtf im black not stop laugh xd,1
935,who would prostest with me to get back liza post video agian,1
936,so what they stole fox engin for,0
937,ive ben watch these car pol karaok from start and thing that sem to stand out like dog bal jame tri to out shine guest it actuali a teribl characterist to be gift with lok ugli at time,0
938,not even tri laugh,0
939,nah mate are not forgiven,0
940,never sen anyon say now ocean file with plastic so enthusiasticali,1
941,traumat,0
942,fuck kemstar stupid knome,0
943,that was bulshit and eci even made a apolog vid,0
944,wow your god at make it,1
945,yeah she never go to live down laugh,0
946,laugh jaiden and jame,1
947,so chesi,0
948,video stil ridicul,0
949,wonder how it fel be number,0
950,woah actuali like a washington post video,1
951,that song thogod damn love it,1
952,that god he a live,1
953,love check on video from time to time just to make sure im se those milion of dislik make me so hapi,0
954,they shoudl just bring in cal of duti squid warfar to compens for bulshit,0
955,rip grant thompson,1
956,wtf liber bulshit,0
957,love it love it love it dislik are amaz,0
958,went to video just to dislik it,0
959,was actuali an epic trailer it just was releas at wrong time,1
960,made no scene with stori line at al it suck,0
961,after al these year it stil cring,0
962,do have ani idea how much regret misclick on crap know wast my time watch vid hut are next level time wast,0
963,not to be mean but lok like mouth from goni,0
964,kinda upset that was clickbait,0
965,after watch seri final of adventur time it remind me of song,1
966,my rington love,1
967,love jacob sartorius from your big fan holi brown love,1
968,more video like plz we like hardwar,1
969,shit so fake man im here to die and wel did thank,0
970,fuck fc,0
971,qualiti literali nobodi after watch video,0
972,for ocean  it either emili blunt jenif lawrenc or meryl strep or most versatil actr tilda swinton love love,1
973,nice,1
974, fuck minut should be like  minut at most,0
975,lord help me but cant never play song ani longer or until last just search to have a god laugh in coment,0
976,do american not respect their nation anthem so cring to watch,0
977,game awesom ive onli play first and rd chapter of campaign and it beter than batlefield  in my opinion,1
978,your now no bitch chang your twiter bio and your youtub about page,0
979,okay but like gota admitpopi and lili part was funi,1
980,mrbeast  rewind was awesom but youtub unabl to do beter,0
981,man growth real on chanel,1
982,me in  bruh me in  ok actuali amaz,1
983,xd so fake even leafi said so and xd nvm whi am stil gete h laugh hate memest,0
984,bruh studi more,0
985,lok at script,0
986,everyon talk about bra guy but no one talk about how he not take a singl breath for second vers,1
987,to much to much,0
988,so much for stay neutral,0
989,wtf were think when made song,0
990,omg she kile it she slay it she crush it it dead,1
991,colest part was when ksi had fidget spiner,1
992,were not safe anymor,0
993,onli break up that made me cri and not even watch your video but get what liza go through and hope she restor confid in herself,1
994,noth new at al it doe not freze water instant either it take aprox  min to freze at a temp have to check on,0
995,atleast we got that amaz remix of theme out of movi,1
996,laugh comedi god laugh,1
997,ah finali found video search jejejej rararaha aha wow,1
998,those open vocal though smile,1
999,sori not speak nodl china,0
1000,onli thing that kiler kemster kile are his amount of subscrib,0
1001,fuck gay,0
1002,fuck ricegum laugh his chanel reali dead now laugh,0
1003,blodi fuck of dont say anyth about india,0
1004,jesus christ in that genius video he lok like a lesbian,0
1005,that a bit ignoranthat por woman walk around for nine month and then some and finali gave birth and and your friend are just cale it your babi that not fair at al she work hard for while were perfect fine for  month it not your child it wrong to put in titl it your surog child and not mention if even ask mother about it was she even okay with al this,0
1006,love you it midnight cant laugh and my laugh sem a trumpet xd,1
1007,have so much memori with game,1
1008,nice song man,1
1009,hope delet video ,0
1010,xd crocodil to god person,1
1011,so whackget my fan to cyber buli you doe that go hard in canada,0
1012,song painfuli under,1
1013,joey that kind of person that peopl folow and like but honest just a dumb guy,0
1014,wow just lost al respect had for cn,0
1015,was actuali awesom do agr that it wil never compet with origin one but it stil god just wish peopl would stop hate it hope there number ,1
1016,remind me of doctor strang love,1
1017,he complet ripe from rayvon owen but his was actuali god if was rayvon id sue caus just not right,0
1018,easili best rewind ever,1
1019,kemstar fuck bulshit  fake leafyisher fuck beter than and suport him al way instead of lie about leafi whi not think about bulshit do,0
1020,incred sexist im supres they not understand that,0
1021,ridicul,0
1022,like it it lok col,1
1023,congrat on  mil,1
1024,love song tehe,1
1025,trailer wil never be beaten,1
1026,fuck fc and can tel em said it,0
1027,omg luv watch your vid,1
1028,babi kiler piec of hit,0
1029,what abomin,0
1030,go live in your parent where belong dumba,0
1031,your a piec of shit,0
1032,kemstar your ful of shit actuali delet your acount,0
1033,god movi,1
1034,noth ever  prof chanel trash,0
1035,we al fuck hate video,0
1036,super under,1
1037,holi shit your a garbag excus for a person,0
1038,ruck has delet al bad coment about him and he left coment that say someth bad about ksi what a jerk,0
1039,are best selena are like a sister to me from paig,1
1040,cn are trash not hear a singl bo when he talk about fake news clasic case of fake news brought to by cn,0
1041,selena gorgeous love her,1
1042,we mis,1
1043,whi so much hate reali like it,1
1044,that kinda col,1
1045,liter masterpiec,1
1046,yo whi f would put ninja instead of pewd that whi were a flop,0
1047,not wait for game,1
1048,confedar flag a sign of racism it not mater if it was a racist intent,0
1049,omg were listen to atmospher at begin ilov atmospher so do my parent,1
1050,ethan alway funiest when hes folow someon els script xd,1
1051,im glad never saw movi it loke so stupid,0
1052,k like k dislik laugh rucka your a fuck loser,0
1053,im not buy this im not buy this im not buy this im not buy this im not buy this im not buy this im not buy this im not buy this im not buy this im not buy this,0
1054,love watch old vid in  becaus it bring memori it just make sens,1
1055, milion like smile,1
1056,shame on konami,0
1057,honest like movi a lot,1
1058,use to respect and like him so much but now ethan lost al my respect on,0
1059,chanel just a wast of storag space,0
1060,who tf in their right mind like this,0
1061,cant talk are a fuck racist to fuck,0
1062,so dumb,0
1063,ive learn more in les then  minut then have in like  year of schol my point is  year of schol are usel,1
1064,wana know my favorit thing about dramalert watch sub go down,0
1065,not kide thought was a joke,0
1066,im no scientist but shes racist,0
1067,thank for brave enough to use your platform despit know would get shit we ned more famous peopl like you,1
1068,make vomit sound,0
1069,love ,1
1070,ghost buster worst movi ive sen,0
1071,honest canot believ this not know about betray but lost a shit ton of respect for men thought were difer,0
1072,gosebump,1
1073,that stupid,0
1074,whi are yele shut fuck up,0
1075,cn fake news,0
1076,actuali love campaign,1
1077,laugh,1
1078,idubz has a lot of power on his hand talk about a human god,1
1079,a piti video and sad hear im sori to cover up everyth that true,0
1080,it white stripe that made trailer,1
1081,hey coment plz se these coment and resign,0
1082,love guy,1
1083,trailer loke reali nice cant wait to se it in theater d,1
1084, second was wors than year ,0
1085,that horibl,0
1086,compar to what we got year gue it not that bad,1
1087,fuck,0
1088,are a horibl back staber and stabe al your friend in back oh wait forgot have no friend,0
1089,are a weird loke fela,0
1090, selena absolut me when ma friend made embaras thing in public laugh,1
1091,x sound so god,1
1092,best batlefield game in my opinion imers and atmospher just unreal cant wait for bf later year god,1
1093,love eminem part,1
1094,was best award show colect in a long time,1
1095,just love read coment laugh,1
1096,was by far best rewind of the al,1
1097,pleas show dude exit dor,0
1098,let go fil dipshit with  coper round of fredom,0
1099,fck not metal gear god job destroy  year of great work,0
1100,movi was so great duno what al hate about,1
1101,anoth st from konami,0
1102,nostalgia mis  wish it was on repeat,1
1103, did she have a stroke,0
1104,he has a point,1
1105,suck rukuc,0
1106,came here just to check how mani dislik have ben,0
1107,how stil monit,0
1108,what a load of sexist drivel,0
1109, milion view wow,1
1110,mis video like this,1
1111,wonder how mani peopl watch hh video for content and how mani just watch becaus they are hypnot by his caterpilar eyebrow danc,1
1112,hah dislik,0
1113,fat old feminist teribl actor movi worst movi in histori of cinema,0
1114,like rewind,1
1115,mean edit and sound col and al but cring just to over,0
1116,fuck ashol,0
1117,hes gone hes not in fc anymor as of today,0
1118,how doe it fel to be same gender as wendi wiliam,0
1119,am surpris they not disabl coment,0
1120,can someon pleas cal social servic on these motherfuck thank,0
1121,your my favourit person that awesom and col and like song life fun,1
1122,not hear ani bos cn suck,0
1123,al these star war and halo joke are gete old,0
1124,whi not guy just delet his chanel yet,0
1125,not reali se whi a lot of guy hate ethan so much after this so he said pewd not have said it live big whop pewd probabl not have anyway but ethan even defend fact that whole legal document stuf was to far to go against pewd calm your shit peopl none of reali mater anyway,1
1126,okay everyon hate o on movi but can we pleas talk about how hot julian holtzman is thank,1
1127,know what youtub alreadi watch it  year but im not even complain gold,1
1128,your intro crap jest like,0
1129,sadak  just broke your record motherfuck now these feminist cant even get most dislik,0
1130,he lok like a human version of squidward hous,0
1131,period ,0
1132,love and mis  wolfi,1
1133,steal scarc news manchild,0
1134,note my word itz stil search on youtub rapid,1
1135,yal more mean then ned to be,1
1136,love how much of coment are against rice gum,0
1137,a veri poetic and pasion song literali one of mani most power album eminem has produc,1
1138,yes duck tape tri almost lost a nipl laugh when she said that,1
1139,racist bastard,0
1140,just bring back clasic metal gear from ps and be done with it,0
1141,know there noth particular wrong with make an alfemal remak of clasic movi problem theyr not god get some god writer to help with script and mayb peopl stop rage on them,0
1142,i was afraid they wouldatack laugh they some midl scholer boy laugh,0
1143,your so handsom,1
1144,ive learn most import fact ever sun a dead lazer,1
1145,movi was actuali preti god so mani peopl laugh dure movi,1
1146,sound sincer to me,1
1147,kemstar can go fuck himself hes an ignor manchild fuck of,0
1148,so much cring,0
1149,let get right in to news late kemstar has ben cri and say whi am gete hate becaus do shit like,0
1150,is that normal oh yea tres scream in arizona live for,1
1151,like how there a theodsout toy behind dave,1
1152,you have got to be fuck kide me come to show how fuck up our govern is not se they are walk al over us im move to canada fuck hate america and it shit system repres democraci when obvious these peopl not repres view of peopl they repres view of rich and power fuck al of you,0
1153,are not musician eat fuck,0
1154,end was so funi think that realist eminem ive sen year,1
1155,ah what a memori from  was my first video of pewd and he upload twice a day back then c,1
1156,boi everyon get buli get over it at least he not comit suicid also what donat for,0
1157,love it,1
1158,stil here,1
1159,your so dumb for do that cuz phone that show on scren was worst fuck phone on planet,0
1160,watch your video has cure my leukemia,1
1161,lok guy girl stop fight both scarc and kemstar are both usel as fuck youtub who not deserv ani subscrib they are tele peopl what they se and ade cancer to it when we could do it ourselv,0
1162,kem stop tri to get back at leafi from his fan compar to your are bound to get hateatent and wonder whi you stil get hate if mes with a larg youtub fan are gona fish out video and dislik it also not tel anoth news youtub to do his job just becaus he has a beter chanel develop to,0
1163,watch  time so rip,1
1164,suck how much internet gona cost now and for what kind of websit,0
1165,it was and a great game but was complet releas at worst posibl time bf made craze be bot on ground w and  but instead of go back they went farfar forward,1
1166,and just like that your chanel fuck,0
1167, like for vision plz sad he sacrific himself for stone,1
1168,do not retun nanci sinatra voic,0
1169,balsi move hamer over your granit counter granit one of softest rock one slip up and youl be replac an entir slab laugh anyway col video mate,1
1170,im not go to folow someon becaus im fan of their im go to folow truth and your not tele truth and it has ben proven on multipl ocas fel like ned to get through your head and just apolog then cari on with your youtub,0
1171,a clasic not mind a sequel just not yet,1
1172,doe kid have ani selfawaren,0
1173,ive just ben bing  song most of them are song not even like but they bring back pleasant midl schol memori,1
1174,ricegum not sem to like actuali talk about his enemi he just talk about his money a bit coward eh,0
1175,get a grip rice gum,0
1176,plz fire guy,0
1177,at  laugh my as of,1
1178,sogi cereal cn,0
1179,idk whi these dumb fcks kep coment negat in trailer it so col yeah it not like trilog but it stil col have some respect,1
1180,a new resid evil ,1
1181,funi laugh laugh,1
1182,al that work could bare watch but yet could not lok away,1
1183,a at begin an unpolish cod releas at worst posibl time,0
1184,lame,0
1185,but whi did have to film,0
1186,yeah movi was awesom also extend version made it hela more beter extend should have ben in theater should have becaus it reali was and a god movi not worst movi of year wil say batman vs superman was a shit show there was zero plot and was so confus with that movi hey soni great movi make a second one for those who love movi screw hater,1
1187,id rather be cold than wear his sweatshirt,0
1188,what a shit show,0
1189,men acidentali glanc at a feminist for half a second feminist peac was never an option,0
1190,what supos to bea freform jaz version,0
1191,omg kid so special becaus he get buli there mani other that get beat up and buli at schol hes not onli one sad,0
1192,yo rewind was actuali god compar to what we have now,1
1193,video gona get al histori teacher fire,1
1194,im actuali triger from and he think that j onli react to video omfg im done im done,0
1195,it fine that im  and enjoy this,1
1196,stupid,0
1197, was beter than  but stil couldv ben beter,0
1198, not dare get dan and phil dirti favourit line in video laugh,1
1199,im even more confus,0
1200,im here from  video rememb someon opinion in just someon opinion take it with a pinch of salt and be respect,1
1201,elect in us kep gete stranger and stranger,0
1202,wow age wel prop rice,1
1203,omg she sound like a die goat whi am just now watch entir thing por peopl in there that was so horibl guy did a god job control themselv bc would have strugl neutral,0
1204,think like a zilion pl are gona coment about how am wrong but like it,1
1205,would unplug kem life suport so can charg my electron tothbrush,0
1206,it just me or has it actuali ben or more day sinc shower,0
1207,ok so what up with that jacket whi did they do to stop motion jacket crawl on flor he couldv just hand it to her whi not but then said they had to do,0
1208,make me cring,0
1209,iron cn of al news media post this not consid a bo from crowd that much more like a bo from a smal group of cn report,0
1210,im sori but cant reali apolog almost like mini lad,0
1211,crazi,0
1212,came for tomi wiseau was disapoint,0
1213,quit like video mat a litl ofbeat from your normal work but can understand mesag here kep on do what make hapi,1
1214,the truth that what liar would say,0
1215,just check if my dislik stil here it is hang in there litl budi,0
1216,say what want but ricegum a chad while idubz a simp,1
1217,personali think movi ok not beter than origin but ok like cast actuali so yah my opinion not go hate smile,1
1218,just like to return to video from time to time to se how mani dislik it has,0
1219,saw film two day ago wil not be buy it it was done just fine  year ago,0
1220,aint a big fan of rap music but reali god and a nice twist for mat so congrat to him and thank to peopl who help bring to us al,1
1221, peopl that wil make hela money of these new rule went on here to give a big thumb up to videolol wow we peopl creat internetand now they are go to make us pay big for itgod job guy in fc way to stand up for our right,0
1222,that text at end pise me of not tel peopl to vote for who suport your part of problem dumba but im stil gona watch his airplan video,0
1223,so just heard for first time todayand not se whi peopl are give hate mean have ben listen sinc slim shadi lp and sure difer but honest it beauti,1
1224,im reali sori for al these ladi sori if not consid yourself a ladi they must have a super sad life and it sem they never reali met ani man ever at al otherwis they not rais such stupid question furthermor they not even realis they are racist por girl,0
1225,im probabl gona buy it onli reason say probabl becaus not know how mani peopl wil be onlin,1
1226,it so sad se ethan then and now,0
1227,,1
1228,hi react chanel im alway watch your video and love them al was hope that can make a react vid on bong chong dong ghost ty and more power to you,1
1229,wow was truli uh wierd and interest,1
1230,countri fale apart implod from insid asham to be a citizen of divid state of america,0
1231,democrat kep your big govern shit net neutral what a joke,0
1232,thre word movi,0
1233,theyr bo becaus their brainwash cn fake news just like rest of them iluminati front ned to be burn to ground noth but lie to public in mase noth but a traitor to countri,0
1234,rice gum rude,0
1235,im upset that got hate was my favorit cod game and now there never gona make anoth one like it,1
1236,your not black and are racist your content suck are clear white,0
1237,he tri to make it relat but onli idiot gram there fod and whi do cal it fredom your preti much take thing away not give them,0
1238,like how video has  milion dislik and   like,0
1239,what doe have to do with metal gear big bos solid snake or anyth sem that konami rune out of idea how about let kojima decid how to make game and it content,0
1240,american forefath are shake in their grave,0
1241,col,1
1242,am load al gnomestar video and dislik one by one his,0
1243,should replac cast with bil bur jim jeferi edi grifin earthquak and then am sold,0
1244,rememb watch wolfi  year ago and then saw in my recomend ofcours came back,1
1245,logan paul listen it not your fault for anyth,1
1246,am onli one that actuali like movi and not care that femal replac male,1
1247,wish could block on youtub,0
1248,gigi your gramar horibl,0
1249,she not sing to save her life,0
1250,same guy who made death threat atempt to help someon who suicid,0
1251,cn stil oper in an altern univers those bos were direct at you lol,0
1252,video visual al of his greatest achiev noth but fail,0
1253,wtf that crackl sound in background it disturb stop,0
1254,finali got around to se this after about  minut wish not bother so sad to se someth icon remad into total crap,0
1255,stfu woman,0
1256,k dislik nice,0
1257,beyoncé sing god but her time was over sori but it sad but true but song was veri amaz he worthi of an eminem eminem make rap great again,1
1258,ı think perfect game whi al dislik,1
1259,whi do peopl watch this it just a bunch of over privileg rich peopl pate themselv on back for do their job,0
1260,so a woman who has hatr toward peopl simpli becaus of their lok that had done noth to her want sympathi for her child that get hate and buli simpli becaus of his lok by peopl he has done noth to hm doe she not se ironi in al of this,0
1261,strong boy god bles and kep in peac god love,1
1262,wow hes lost a litl over  sub sinc came out no complaint im just watch out of boredom no sub from me,0
1263,peopl that dislik not know what god music,1
1264,game was bad and stil bad rent it when it came out and return it  hour later lol can literali give  reason right now as to whi game was bad not as bad as peopl make it out to be but it definit one of worser cod it there with ghost and w,0
1265,stil hate kid so much,0
1266,suck it could be his last album hate al critic he has ben gete with his recent album as have done sinc his first album pick my fav and ad them to my playlist have song in my playlist from everi album yes even new one actuali reali like quit a few of his newer song not get it,1
1267,did not hear ani bos fake news again,0
1268,had to clean my ear out after ,0
1269,disapoint to se her just put down al those male director im preti sure one of guy work on his movi for  year and to just make him fel bad for be a male director at an award show just fowl,0
1270,kep go guy we are almost at k dislik,0
1271,actuali preti col but cod not meant to be futurist if was a trailer for halo id be hype but cod just no,0
1272,rucka rucka best,1
1273,beyoncé has such rich vocal that reali separ herself from other,1
1274,let read comet  rewind god comet realiti trash,0
1275,guy has prove to societi that not al asian are smart,0
1276,not let them get in your head your best raper ever,1
1277,power of pati compel youto watch someth beter than crapi film,0
1278,wtf wrong with peopl guy are actuali crazi surog surog surog who are wtf babi arent temporari theyr not object they are peopl insan,0
1279,wonder how mani n bomb ethan drope befor post this just ride hate train boi,0
1280,fuck just wana se reaction again after a few year forgot how cring bitch,0
1281,love watch lol,1
1282,was so much fun,1
1283,we are nasa we cover up ufo and not let know secret of space unl it s someth bore like sun heat that we al know about,0
1284,are a piec of human fing piec of st garbag,0
1285,cring level has ben reach to ,0
1286,was a reali god movi personali,1
1287,wtf im so confus,0
1288,fuck dude,0
1289,ben on youtub longer then him he stil manag to get more sub then your gay as content by way your so fuck cringey as hel ima leav to work out what just wrote coz have a brain of a five year old and wil probabl never understand these sentenc which have more rap worthi word than al of your shiti album have a nice day,0
1290,onli song and luka fele are some of onli thing kepe me sane through these rough time want to send love to everybodi and let everyon know everyth wil get beter son we are al go through togeth love ,1
1291,hate my self bc love rewind,1
1292,guy are honest so thick not even wrap my head around your surog squad babi stupid,0
1293,reali think invent dis track that sad,0
1294,they put kpop instead of minecraft so not god at slightest,0
1295,se whi peopl hate guy,0
1296,was have high hope for  what fuck,0
1297,love video,1
1298,they are bo about fake news oh the damag that has ben done by,0
1299,forgot knew how to laugh nede this,1
1300,lie and are tri to dodg admit it by claim can chang definit of word it preti fuck to cal actual birth mom and legal guardian a surog,0
1301,what a sore loser god danm it fuck kemstar,0
1302,can compar rice to whale shit and whale shit would stil come out on top,0
1303,was a veri interest time period of internet everyon went of shit ngl stil want to give it a tri im a simpl man,1
1304,godamn end nigh internet has falen into a state of madn prepar your falout shelter stock up on cane god get gunsth ajit paicolyps here,0
1305,godn that was as,0
1306,not understand whi hes stil gete hate chanel preti use sometim,1
1307,rememb al  year old edgelord gete mad at this thing is he was  right,1
1308,like how we have half of amount of like to dislik,0
1309,yes do it scienc explor setl mar yes mon whi not if it not delay mar but dep space gateway not know sem like a masiv and veri expans distract like video pleas do it,1
1310,love hh but stil deserv more dislik,0
1311,casey there a reason who your vote for kept privat,0
1312,wow trol are out in forc here if not want to se it then whi did even come to lok at video as for me im about to get drese and head ot theater,1
1313,love them beard,1
1314,god video was veri unprofesion,0
1315,pleas coud someon tel comentrashtor to shut fuck up,0
1316,put spiner back on his nose he was so hapi,1
1317,im watch your sub count go down and love it fuck kem,0
1318,ksi video are beter,0
1319,not tel truth lie and manipul peopl who suport and swate  year old hate,0
1320,your preti ugli dude laugh,0
1321,lok im a cute croc,1
1322,they should of got victor oladipo to sing nation anthem it would of actuali ben god and not as pain as,0
1323,becaus so mani peopl believ,0
1324,cant believ they d sori curent not have ace to featur to se twet like and more pleas consid purchas our premium packag for al time low price of mo price subject to chang,0
1325,honest one of beter video ive sen in my day gave it a like,1
1326,fel stabe in back becaus leafi not finish of like hope,0
1327,your mom,0
1328,oh that was such a bad bo fake news station,0
1329,sound more racist than pewd fuckin lech,0
1330,donald right shut up cn,0
1331,im sori cant take care of a dog want a babi now pleas,0
1332,bias as fuck,0
